date, value
1/1/11,0.13
1/2/11,0.13
1/3/11,0.19
1/4/11,0.18
1/5/11,0.18
1/6/11,0.17
1/7/11,0.17
1/8/11,0.17
1/9/11,0.17
1/10/11,0.17
1/11/11,0.17
1/12/11,0.16
1/13/11,0.16
1/14/11,0.16
1/15/11,0.16
1/16/11,0.16
1/17/11,0.16
1/18/11,0.19
1/19/11,0.18
1/20/11,0.18
1/21/11,0.17
1/22/11,0.17
1/23/11,0.17
1/24/11,0.18
1/25/11,0.17
1/26/11,0.17
1/27/11,0.17
1/28/11,0.17
1/29/11,0.17
1/30/11,0.17
1/31/11,0.17
2/1/11,0.18
2/2/11,0.18
2/3/11,0.17
2/4/11,0.17
2/5/11,0.17
2/6/11,0.17
2/7/11,0.17
2/8/11,0.16
2/9/11,0.15
2/10/11,0.15
2/11/11,0.15
2/12/11,0.15
2/13/11,0.15
2/14/11,0.15
2/15/11,0.16
2/16/11,0.15
2/17/11,0.15
2/18/11,0.15
2/19/11,0.15
2/20/11,0.15
2/21/11,0.15
2/22/11,0.15
2/23/11,0.15
2/24/11,0.15
2/25/11,0.15
2/26/11,0.15
2/27/11,0.15
2/28/11,0.16
3/1/11,0.15
3/2/11,0.16
3/3/11,0.15
3/4/11,0.15
3/5/11,0.15
3/6/11,0.15
3/7/11,0.14
3/8/11,0.14
3/9/11,0.14
3/10/11,0.14
3/11/11,0.13
3/12/11,0.13
3/13/11,0.13
3/14/11,0.14
3/15/11,0.14
3/16/11,0.14
3/17/11,0.14
3/18/11,0.15
3/19/11,0.15
3/20/11,0.15
3/21/11,0.14
3/22/11,0.14
3/23/11,0.14
3/24/11,0.13
3/25/11,0.13
3/26/11,0.13
3/27/11,0.13
3/28/11,0.13
3/29/11,0.13
3/30/11,0.13
3/31/11,0.1
4/1/11,0.11
4/2/11,0.11
4/3/11,0.11
4/4/11,0.09
4/5/11,0.09
4/6/11,0.1
4/7/11,0.1
4/8/11,0.09
4/9/11,0.09
4/10/11,0.09
4/11/11,0.09
4/12/11,0.08
4/13/11,0.08
4/14/11,0.09
4/15/11,0.12
4/16/11,0.12
4/17/11,0.12
4/18/11,0.1
4/19/11,0.11
4/20/11,0.1
4/21/11,0.1
4/22/11,0.1
4/23/11,0.1
4/24/11,0.1
4/25/11,0.1
4/26/11,0.09
4/27/11,0.09
4/28/11,0.09
4/29/11,0.09
4/30/11,0.09
5/1/11,0.09
5/2/11,0.09
5/3/11,0.09
5/4/11,0.09
5/5/11,0.09
5/6/11,0.09
5/7/11,0.09
5/8/11,0.09
5/9/11,0.09
5/10/11,0.09
5/11/11,0.09
5/12/11,0.09
5/13/11,0.09
5/14/11,0.09
5/15/11,0.09
5/16/11,0.1
5/17/11,0.09
5/18/11,0.1
5/19/11,0.09
5/20/11,0.1
5/21/11,0.1
5/22/11,0.1
5/23/11,0.1
5/24/11,0.1
5/25/11,0.09
5/26/11,0.09
5/27/11,0.1
5/28/11,0.1
5/29/11,0.1
5/30/11,0.1
5/31/11,0.1
6/1/11,0.1
6/2/11,0.1
6/3/11,0.11
6/4/11,0.11
6/5/11,0.11
6/6/11,0.1
6/7/11,0.09
6/8/11,0.09
6/9/11,0.09
6/10/11,0.09
6/11/11,0.09
6/12/11,0.09
6/13/11,0.1
6/14/11,0.1
6/15/11,0.1
6/16/11,0.1
6/17/11,0.1
6/18/11,0.1
6/19/11,0.1
6/20/11,0.09
6/21/11,0.09
6/22/11,0.09
6/23/11,0.08
6/24/11,0.08
6/25/11,0.08
6/26/11,0.08
6/27/11,0.08
6/28/11,0.08
6/29/11,0.07
6/30/11,0.07
7/1/11,0.08
7/2/11,0.08
7/3/11,0.08
7/4/11,0.08
7/5/11,0.08
7/6/11,0.07
7/7/11,0.07
7/8/11,0.07
7/9/11,0.07
7/10/11,0.07
7/11/11,0.07
7/12/11,0.06
7/13/11,0.06
7/14/11,0.06
7/15/11,0.06
7/16/11,0.06
7/17/11,0.06
7/18/11,0.06
7/19/11,0.06
7/20/11,0.06
7/21/11,0.06
7/22/11,0.06
7/23/11,0.06
7/24/11,0.06
7/25/11,0.06
7/26/11,0.06
7/27/11,0.07
7/28/11,0.08
7/29/11,0.11
7/30/11,0.11
7/31/11,0.11
8/1/11,0.17
8/2/11,0.16
8/3/11,0.12
8/4/11,0.09
8/5/11,0.08
8/6/11,0.08
8/7/11,0.08
8/8/11,0.11
8/9/11,0.1
8/10/11,0.1
8/11/11,0.09
8/12/11,0.1
8/13/11,0.1
8/14/11,0.1
8/15/11,0.1
8/16/11,0.09
8/17/11,0.09
8/18/11,0.09
8/19/11,0.09
8/20/11,0.09
8/21/11,0.09
8/22/11,0.09
8/23/11,0.08
8/24/11,0.08
8/25/11,0.08
8/26/11,0.09
8/27/11,0.09
8/28/11,0.09
8/29/11,0.09
8/30/11,0.08
8/31/11,0.08
9/1/11,0.08
9/2/11,0.08
9/3/11,0.08
9/4/11,0.08
9/5/11,0.08
9/6/11,0.09
9/7/11,0.09
9/8/11,0.09
9/9/11,0.09
9/10/11,0.09
9/11/11,0.09
9/12/11,0.09
9/13/11,0.09
9/14/11,0.08
9/15/11,0.09
9/16/11,0.09
9/17/11,0.09
9/18/11,0.09
9/19/11,0.09
9/20/11,0.09
9/21/11,0.08
9/22/11,0.08
9/23/11,0.08
9/24/11,0.08
9/25/11,0.08
9/26/11,0.08
9/27/11,0.08
9/28/11,0.08
9/29/11,0.08
9/30/11,0.06
10/1/11,0.06
10/2/11,0.06
10/3/11,0.08
10/4/11,0.07
10/5/11,0.07
10/6/11,0.07
10/7/11,0.07
10/8/11,0.07
10/9/11,0.07
10/10/11,0.07
10/11/11,0.07
10/12/11,0.07
10/13/11,0.07
10/14/11,0.07
10/15/11,0.07
10/16/11,0.07
10/17/11,0.07
10/18/11,0.07
10/19/11,0.07
10/20/11,0.07
10/21/11,0.07
10/22/11,0.07
10/23/11,0.07
10/24/11,0.07
10/25/11,0.07
10/26/11,0.08
10/27/11,0.07
10/28/11,0.07
10/29/11,0.07
10/30/11,0.07
10/31/11,0.09
11/1/11,0.08
11/2/11,0.08
11/3/11,0.09
11/4/11,0.08
11/5/11,0.08
11/6/11,0.08
11/7/11,0.08
11/8/11,0.08
11/9/11,0.08
11/10/11,0.08
11/11/11,0.08
11/12/11,0.08
11/13/11,0.08
11/14/11,0.08
11/15/11,0.09
11/16/11,0.08
11/17/11,0.08
11/18/11,0.08
11/19/11,0.08
11/20/11,0.08
11/21/11,0.08
11/22/11,0.08
11/23/11,0.09
11/24/11,0.09
11/25/11,0.07
11/26/11,0.07
11/27/11,0.07
11/28/11,0.08
11/29/11,0.08
11/30/11,0.1
12/1/11,0.08
12/2/11,0.08
12/3/11,0.08
12/4/11,0.08
12/5/11,0.08
12/6/11,0.08
12/7/11,0.08
12/8/11,0.07
12/9/11,0.07
12/10/11,0.07
12/11/11,0.07
12/12/11,0.07
12/13/11,0.07
12/14/11,0.07
12/15/11,0.07
12/16/11,0.07
12/17/11,0.07
12/18/11,0.07
12/19/11,0.07
12/20/11,0.07
12/21/11,0.07
12/22/11,0.07
12/23/11,0.08
12/24/11,0.08
12/25/11,0.08
12/26/11,0.08
12/27/11,0.07
12/28/11,0.07
12/29/11,0.07
12/30/11,0.04
12/31/11,0.04
1/1/12,0.04
1/2/12,0.04
1/3/12,0.07
1/4/12,0.07
1/5/12,0.07
1/6/12,0.07
1/7/12,0.07
1/8/12,0.07
1/9/12,0.08
1/10/12,0.08
1/11/12,0.08
1/12/12,0.08
1/13/12,0.09
1/14/12,0.09
1/15/12,0.09
1/16/12,0.09
1/17/12,0.09
1/18/12,0.09
1/19/12,0.1
1/20/12,0.09
1/21/12,0.09
1/22/12,0.09
1/23/12,0.09
1/24/12,0.09
1/25/12,0.08
1/26/12,0.08
1/27/12,0.09
1/28/12,0.09
1/29/12,0.09
1/30/12,0.09
1/31/12,0.11
2/1/12,0.11
2/2/12,0.11
2/3/12,0.11
2/4/12,0.11
2/5/12,0.11
2/6/12,0.11
2/7/12,0.11
2/8/12,0.11
2/9/12,0.11
2/10/12,0.12
2/11/12,0.12
2/12/12,0.12
2/13/12,0.12
2/14/12,0.12
2/15/12,0.12
2/16/12,0.11
2/17/12,0.09
2/18/12,0.09
2/19/12,0.09
2/20/12,0.09
2/21/12,0.1
2/22/12,0.08
2/23/12,0.08
2/24/12,0.09
2/25/12,0.09
2/26/12,0.09
2/27/12,0.1
2/28/12,0.1
2/29/12,0.1
3/1/12,0.11
3/2/12,0.11
3/3/12,0.11
3/4/12,0.11
3/5/12,0.11
3/6/12,0.11
3/7/12,0.11
3/8/12,0.11
3/9/12,0.12
3/10/12,0.12
3/11/12,0.12
3/12/12,0.12
3/13/12,0.12
3/14/12,0.13
3/15/12,0.14
3/16/12,0.15
3/17/12,0.15
3/18/12,0.15
3/19/12,0.15
3/20/12,0.15
3/21/12,0.15
3/22/12,0.14
3/23/12,0.14
3/24/12,0.14
3/25/12,0.14
3/26/12,0.14
3/27/12,0.14
3/28/12,0.13
3/29/12,0.13
3/30/12,0.09
3/31/12,0.09
4/1/12,0.09
4/2/12,0.15
4/3/12,0.15
4/4/12,0.15
4/5/12,0.15
4/6/12,0.12
4/7/12,0.12
4/8/12,0.12
4/9/12,0.16
4/10/12,0.15
4/11/12,0.16
4/12/12,0.15
4/13/12,0.15
4/14/12,0.15
4/15/12,0.15
4/16/12,0.15
4/17/12,0.16
4/18/12,0.15
4/19/12,0.13
4/20/12,0.12
4/21/12,0.12
4/22/12,0.12
4/23/12,0.13
4/24/12,0.14
4/25/12,0.15
4/26/12,0.14
4/27/12,0.13
4/28/12,0.13
4/29/12,0.13
4/30/12,0.16
5/1/12,0.16
5/2/12,0.15
5/3/12,0.15
5/4/12,0.16
5/5/12,0.16
5/6/12,0.16
5/7/12,0.16
5/8/12,0.16
5/9/12,0.15
5/10/12,0.15
5/11/12,0.15
5/12/12,0.15
5/13/12,0.15
5/14/12,0.16
5/15/12,0.16
5/16/12,0.16
5/17/12,0.16
5/18/12,0.16
5/19/12,0.16
5/20/12,0.16
5/21/12,0.16
5/22/12,0.16
5/23/12,0.15
5/24/12,0.15
5/25/12,0.15
5/26/12,0.15
5/27/12,0.15
5/28/12,0.15
5/29/12,0.16
5/30/12,0.16
5/31/12,0.16
6/1/12,0.16
6/2/12,0.16
6/3/12,0.16
6/4/12,0.17
6/5/12,0.17
6/6/12,0.16
6/7/12,0.16
6/8/12,0.17
6/9/12,0.17
6/10/12,0.17
6/11/12,0.17
6/12/12,0.16
6/13/12,0.17
6/14/12,0.17
6/15/12,0.18
6/16/12,0.18
6/17/12,0.18
6/18/12,0.17
6/19/12,0.17
6/20/12,0.16
6/21/12,0.17
6/22/12,0.17
6/23/12,0.17
6/24/12,0.17
6/25/12,0.17
6/26/12,0.16
6/27/12,0.15
6/28/12,0.15
6/29/12,0.09
6/30/12,0.09
7/1/12,0.09
7/2/12,0.18
7/3/12,0.17
7/4/12,0.17
7/5/12,0.17
7/6/12,0.17
7/7/12,0.17
7/8/12,0.17
7/9/12,0.17
7/10/12,0.17
7/11/12,0.17
7/12/12,0.18
7/13/12,0.19
7/14/12,0.19
7/15/12,0.19
7/16/12,0.18
7/17/12,0.17
7/18/12,0.16
7/19/12,0.13
7/20/12,0.13
7/21/12,0.13
7/22/12,0.13
7/23/12,0.14
7/24/12,0.15
7/25/12,0.15
7/26/12,0.14
7/27/12,0.14
7/28/12,0.14
7/29/12,0.14
7/30/12,0.14
7/31/12,0.13
8/1/12,0.14
8/2/12,0.14
8/3/12,0.14
8/4/12,0.14
8/5/12,0.14
8/6/12,0.14
8/7/12,0.13
8/8/12,0.13
8/9/12,0.13
8/10/12,0.13
8/11/12,0.13
8/12/12,0.13
8/13/12,0.13
8/14/12,0.13
8/15/12,0.13
8/16/12,0.13
8/17/12,0.13
8/18/12,0.13
8/19/12,0.13
8/20/12,0.13
8/21/12,0.13
8/22/12,0.13
8/23/12,0.13
8/24/12,0.13
8/25/12,0.13
8/26/12,0.13
8/27/12,0.13
8/28/12,0.13
8/29/12,0.13
8/30/12,0.14
8/31/12,0.13
9/1/12,0.13
9/2/12,0.13
9/3/12,0.13
9/4/12,0.14
9/5/12,0.16
9/6/12,0.16
9/7/12,0.15
9/8/12,0.15
9/9/12,0.15
9/10/12,0.15
9/11/12,0.15
9/12/12,0.15
9/13/12,0.15
9/14/12,0.16
9/15/12,0.16
9/16/12,0.16
9/17/12,0.16
9/18/12,0.16
9/19/12,0.15
9/20/12,0.16
9/21/12,0.15
9/22/12,0.15
9/23/12,0.15
9/24/12,0.16
9/25/12,0.15
9/26/12,0.15
9/27/12,0.14
9/28/12,0.09
9/29/12,0.09
9/30/12,0.09
10/1/12,0.15
10/2/12,0.16
10/3/12,0.16
10/4/12,0.15
10/5/12,0.15
10/6/12,0.15
10/7/12,0.15
10/8/12,0.15
10/9/12,0.16
10/10/12,0.16
10/11/12,0.16
10/12/12,0.16
10/13/12,0.16
10/14/12,0.16
10/15/12,0.16
10/16/12,0.16
10/17/12,0.15
10/18/12,0.15
10/19/12,0.16
10/20/12,0.16
10/21/12,0.16
10/22/12,0.15
10/23/12,0.15
10/24/12,0.17
10/25/12,0.16
10/26/12,0.16
10/27/12,0.16
10/28/12,0.16
10/29/12,0.17
10/30/12,0.17
10/31/12,0.18
11/1/12,0.17
11/2/12,0.16
11/3/12,0.16
11/4/12,0.16
11/5/12,0.17
11/6/12,0.16
11/7/12,0.16
11/8/12,0.16
11/9/12,0.16
11/10/12,0.16
11/11/12,0.16
11/12/12,0.16
11/13/12,0.16
11/14/12,0.16
11/15/12,0.16
11/16/12,0.16
11/17/12,0.16
11/18/12,0.16
11/19/12,0.16
11/20/12,0.16
11/21/12,0.16
11/22/12,0.16
11/23/12,0.16
11/24/12,0.16
11/25/12,0.16
11/26/12,0.16
11/27/12,0.16
11/28/12,0.16
11/29/12,0.16
11/30/12,0.16
12/1/12,0.16
12/2/12,0.16
12/3/12,0.16
12/4/12,0.17
12/5/12,0.16
12/6/12,0.16
12/7/12,0.16
12/8/12,0.16
12/9/12,0.16
12/10/12,0.16
12/11/12,0.17
12/12/12,0.17
12/13/12,0.16
12/14/12,0.17
12/15/12,0.17
12/16/12,0.17
12/17/12,0.16
12/18/12,0.17
12/19/12,0.17
12/20/12,0.17
12/21/12,0.17
12/22/12,0.17
12/23/12,0.17
12/24/12,0.18
12/25/12,0.18
12/26/12,0.17
12/27/12,0.17
12/28/12,0.17
12/29/12,0.17
12/30/12,0.17
12/31/12,0.09
1/1/13,0.09
1/2/13,0.17
1/3/13,0.17
1/4/13,0.16
1/5/13,0.16
1/6/13,0.16
1/7/13,0.16
1/8/13,0.15
1/9/13,0.14
1/10/13,0.14
1/11/13,0.14
1/12/13,0.14
1/13/13,0.14
1/14/13,0.14
1/15/13,0.15
1/16/13,0.14
1/17/13,0.14
1/18/13,0.14
1/19/13,0.14
1/20/13,0.14
1/21/13,0.14
1/22/13,0.14
1/23/13,0.13
1/24/13,0.15
1/25/13,0.14
1/26/13,0.14
1/27/13,0.14
1/28/13,0.14
1/29/13,0.12
1/30/13,0.12
1/31/13,0.15
2/1/13,0.14
2/2/13,0.14
2/3/13,0.14
2/4/13,0.13
2/5/13,0.13
2/6/13,0.13
2/7/13,0.13
2/8/13,0.14
2/9/13,0.14
2/10/13,0.14
2/11/13,0.14
2/12/13,0.13
2/13/13,0.14
2/14/13,0.14
2/15/13,0.16
2/16/13,0.16
2/17/13,0.16
2/18/13,0.16
2/19/13,0.15
2/20/13,0.15
2/21/13,0.16
2/22/13,0.16
2/23/13,0.16
2/24/13,0.16
2/25/13,0.15
2/26/13,0.14
2/27/13,0.14
2/28/13,0.14
3/1/13,0.14
3/2/13,0.14
3/3/13,0.14
3/4/13,0.16
3/5/13,0.15
3/6/13,0.15
3/7/13,0.16
3/8/13,0.15
3/9/13,0.15
3/10/13,0.15
3/11/13,0.16
3/12/13,0.15
3/13/13,0.14
3/14/13,0.15
3/15/13,0.16
3/16/13,0.16
3/17/13,0.16
3/18/13,0.16
3/19/13,0.15
3/20/13,0.15
3/21/13,0.16
3/22/13,0.15
3/23/13,0.15
3/24/13,0.15
3/25/13,0.15
3/26/13,0.14
3/27/13,0.12
3/28/13,0.13
3/29/13,0.09
3/30/13,0.09
3/31/13,0.09
4/1/13,0.16
4/2/13,0.15
4/3/13,0.14
4/4/13,0.14
4/5/13,0.15
4/6/13,0.15
4/7/13,0.15
4/8/13,0.15
4/9/13,0.15
4/10/13,0.15
4/11/13,0.15
4/12/13,0.15
4/13/13,0.15
4/14/13,0.15
4/15/13,0.15
4/16/13,0.15
4/17/13,0.15
4/18/13,0.15
4/19/13,0.15
4/20/13,0.15
4/21/13,0.15
4/22/13,0.15
4/23/13,0.14
4/24/13,0.13
4/25/13,0.13
4/26/13,0.13
4/27/13,0.13
4/28/13,0.13
4/29/13,0.13
4/30/13,0.14
5/1/13,0.14
5/2/13,0.15
5/3/13,0.14
5/4/13,0.14
5/5/13,0.14
5/6/13,0.14
5/7/13,0.12
5/8/13,0.12
5/9/13,0.12
5/10/13,0.12
5/11/13,0.12
5/12/13,0.12
5/13/13,0.12
5/14/13,0.11
5/15/13,0.12
5/16/13,0.11
5/17/13,0.1
5/18/13,0.1
5/19/13,0.1
5/20/13,0.1
5/21/13,0.09
5/22/13,0.08
5/23/13,0.08
5/24/13,0.09
5/25/13,0.09
5/26/13,0.09
5/27/13,0.09
5/28/13,0.09
5/29/13,0.08
5/30/13,0.08
5/31/13,0.09
6/1/13,0.09
6/2/13,0.09
6/3/13,0.1
6/4/13,0.11
6/5/13,0.09
6/6/13,0.1
6/7/13,0.09
6/8/13,0.09
6/9/13,0.09
6/10/13,0.09
6/11/13,0.09
6/12/13,0.08
6/13/13,0.09
6/14/13,0.1
6/15/13,0.1
6/16/13,0.1
6/17/13,0.11
6/18/13,0.12
6/19/13,0.1
6/20/13,0.1
6/21/13,0.1
6/22/13,0.1
6/23/13,0.1
6/24/13,0.1
6/25/13,0.09
6/26/13,0.09
6/27/13,0.09
6/28/13,0.07
6/29/13,0.07
6/30/13,0.07
7/1/13,0.1
7/2/13,0.1
7/3/13,0.1
7/4/13,0.1
7/5/13,0.1
7/6/13,0.1
7/7/13,0.1
7/8/13,0.1
7/9/13,0.1
7/10/13,0.09
7/11/13,0.09
7/12/13,0.09
7/13/13,0.09
7/14/13,0.09
7/15/13,0.09
7/16/13,0.09
7/17/13,0.09
7/18/13,0.09
7/19/13,0.09
7/20/13,0.09
7/21/13,0.09
7/22/13,0.09
7/23/13,0.09
7/24/13,0.09
7/25/13,0.09
7/26/13,0.09
7/27/13,0.09
7/28/13,0.09
7/29/13,0.08
7/30/13,0.09
7/31/13,0.09
8/1/13,0.08
8/2/13,0.09
8/3/13,0.09
8/4/13,0.09
8/5/13,0.08
8/6/13,0.09
8/7/13,0.09
8/8/13,0.09
8/9/13,0.08
8/10/13,0.08
8/11/13,0.08
8/12/13,0.08
8/13/13,0.08
8/14/13,0.09
8/15/13,0.08
8/16/13,0.09
8/17/13,0.09
8/18/13,0.09
8/19/13,0.09
8/20/13,0.09
8/21/13,0.08
8/22/13,0.09
8/23/13,0.08
8/24/13,0.08
8/25/13,0.08
8/26/13,0.08
8/27/13,0.07
8/28/13,0.07
8/29/13,0.08
8/30/13,0.07
8/31/13,0.07
9/1/13,0.07
9/2/13,0.07
9/3/13,0.09
9/4/13,0.08
9/5/13,0.08
9/6/13,0.08
9/7/13,0.08
9/8/13,0.08
9/9/13,0.08
9/10/13,0.08
9/11/13,0.08
9/12/13,0.08
9/13/13,0.08
9/14/13,0.08
9/15/13,0.08
9/16/13,0.08
9/17/13,0.08
9/18/13,0.08
9/19/13,0.09
9/20/13,0.08
9/21/13,0.08
9/22/13,0.08
9/23/13,0.09
9/24/13,0.09
9/25/13,0.08
9/26/13,0.08
9/27/13,0.08
9/28/13,0.08
9/29/13,0.08
9/30/13,0.06
10/1/13,0.08
10/2/13,0.07
10/3/13,0.08
10/4/13,0.08
10/5/13,0.08
10/6/13,0.08
10/7/13,0.08
10/8/13,0.08
10/9/13,0.09
10/10/13,0.09
10/11/13,0.1
10/12/13,0.1
10/13/13,0.1
10/14/13,0.1
10/15/13,0.1
10/16/13,0.11
10/17/13,0.1
10/18/13,0.1
10/19/13,0.1
10/20/13,0.1
10/21/13,0.09
10/22/13,0.08
10/23/13,0.08
10/24/13,0.08
10/25/13,0.08
10/26/13,0.08
10/27/13,0.08
10/28/13,0.08
10/29/13,0.08
10/30/13,0.08
10/31/13,0.07
11/1/13,0.08
11/2/13,0.08
11/3/13,0.08
11/4/13,0.08
11/5/13,0.08
11/6/13,0.08
11/7/13,0.08
11/8/13,0.08
11/9/13,0.08
11/10/13,0.08
11/11/13,0.08
11/12/13,0.08
11/13/13,0.08
11/14/13,0.09
11/15/13,0.09
11/16/13,0.09
11/17/13,0.09
11/18/13,0.09
11/19/13,0.09
11/20/13,0.09
11/21/13,0.09
11/22/13,0.09
11/23/13,0.09
11/24/13,0.09
11/25/13,0.09
11/26/13,0.09
11/27/13,0.09
11/28/13,0.09
11/29/13,0.07
11/30/13,0.07
12/1/13,0.07
12/2/13,0.09
12/3/13,0.09
12/4/13,0.09
12/5/13,0.09
12/6/13,0.09
12/7/13,0.09
12/8/13,0.09
12/9/13,0.09
12/10/13,0.09
12/11/13,0.08
12/12/13,0.09
12/13/13,0.08
12/14/13,0.08
12/15/13,0.08
12/16/13,0.09
12/17/13,0.09
12/18/13,0.09
12/19/13,0.09
12/20/13,0.09
12/21/13,0.09
12/22/13,0.09
12/23/13,0.09
12/24/13,0.08
12/25/13,0.08
12/26/13,0.08
12/27/13,0.08
12/28/13,0.08
12/29/13,0.08
12/30/13,0.08
12/31/13,0.07
1/1/14,0.07
1/2/14,0.08
1/3/14,0.08
1/4/14,0.08
1/5/14,0.08
1/6/14,0.08
1/7/14,0.07
1/8/14,0.07
1/9/14,0.07
1/10/14,0.07
1/11/14,0.07
1/12/14,0.07
1/13/14,0.07
1/14/14,0.07
1/15/14,0.07
1/16/14,0.07
1/17/14,0.07
1/18/14,0.07
1/19/14,0.07
1/20/14,0.07
1/21/14,0.07
1/22/14,0.07
1/23/14,0.07
1/24/14,0.07
1/25/14,0.07
1/26/14,0.07
1/27/14,0.07
1/28/14,0.07
1/29/14,0.07
1/30/14,0.07
1/31/14,0.07
2/1/14,0.07
2/2/14,0.07
2/3/14,0.07
2/4/14,0.07
2/5/14,0.07
2/6/14,0.07
2/7/14,0.06
2/8/14,0.06
2/9/14,0.06
2/10/14,0.07
2/11/14,0.06
2/12/14,0.07
2/13/14,0.06
2/14/14,0.06
2/15/14,0.06
2/16/14,0.06
2/17/14,0.06
2/18/14,0.07
2/19/14,0.07
2/20/14,0.07
2/21/14,0.07
2/22/14,0.07
2/23/14,0.07
2/24/14,0.07
2/25/14,0.07
2/26/14,0.07
2/27/14,0.07
2/28/14,0.06
3/1/14,0.06
3/2/14,0.06
3/3/14,0.07
3/4/14,0.07
3/5/14,0.08
3/6/14,0.08
3/7/14,0.08
3/8/14,0.08
3/9/14,0.08
3/10/14,0.08
3/11/14,0.08
3/12/14,0.08
3/13/14,0.08
3/14/14,0.08
3/15/14,0.08
3/16/14,0.08
3/17/14,0.08
3/18/14,0.08
3/19/14,0.08
3/20/14,0.08
3/21/14,0.08
3/22/14,0.08
3/23/14,0.08
3/24/14,0.09
3/25/14,0.09
3/26/14,0.08
3/27/14,0.08
3/28/14,0.08
3/29/14,0.08
3/30/14,0.08
3/31/14,0.06
4/1/14,0.08
4/2/14,0.09
4/3/14,0.08
4/4/14,0.08
4/5/14,0.08
4/6/14,0.08
4/7/14,0.09
4/8/14,0.08
4/9/14,0.08
4/10/14,0.08
4/11/14,0.09
4/12/14,0.09
4/13/14,0.09
4/14/14,0.09
4/15/14,0.1
4/16/14,0.09
4/17/14,0.09
4/18/14,0.1
4/19/14,0.1
4/20/14,0.1
4/21/14,0.1
4/22/14,0.1
4/23/14,0.1
4/24/14,0.1
4/25/14,0.09
4/26/14,0.09
4/27/14,0.09
4/28/14,0.09
4/29/14,0.1
4/30/14,0.09
5/1/14,0.09
5/2/14,0.09
5/3/14,0.09
5/4/14,0.09
5/5/14,0.09
5/6/14,0.09
5/7/14,0.08
5/8/14,0.08
5/9/14,0.08
5/10/14,0.08
5/11/14,0.08
5/12/14,0.08
5/13/14,0.09
5/14/14,0.08
5/15/14,0.09
5/16/14,0.09
5/17/14,0.09
5/18/14,0.09
5/19/14,0.09
5/20/14,0.09
5/21/14,0.09
5/22/14,0.09
5/23/14,0.09
5/24/14,0.09
5/25/14,0.09
5/26/14,0.09
5/27/14,0.09
5/28/14,0.09
5/29/14,0.09
5/30/14,0.08
5/31/14,0.08
6/1/14,0.08
6/2/14,0.09
6/3/14,0.1
6/4/14,0.09
6/5/14,0.09
6/6/14,0.09
6/7/14,0.09
6/8/14,0.09
6/9/14,0.09
6/10/14,0.09
6/11/14,0.09
6/12/14,0.09
6/13/14,0.1
6/14/14,0.1
6/15/14,0.1
6/16/14,0.1
6/17/14,0.1
6/18/14,0.1
6/19/14,0.1
6/20/14,0.1
6/21/14,0.1
6/22/14,0.1
6/23/14,0.1
6/24/14,0.1
6/25/14,0.1
6/26/14,0.1
6/27/14,0.1
6/28/14,0.1
6/29/14,0.1
6/30/14,0.09
7/1/14,0.1
7/2/14,0.1
7/3/14,0.09
7/4/14,0.09
7/5/14,0.09
7/6/14,0.09
7/7/14,0.1
7/8/14,0.09
7/9/14,0.09
7/10/14,0.09
7/11/14,0.09
7/12/14,0.09
7/13/14,0.09
7/14/14,0.09
7/15/14,0.09
7/16/14,0.09
7/17/14,0.09
7/18/14,0.09
7/19/14,0.09
7/20/14,0.09
7/21/14,0.1
7/22/14,0.09
7/23/14,0.09
7/24/14,0.09
7/25/14,0.09
7/26/14,0.09
7/27/14,0.09
7/28/14,0.09
7/29/14,0.09
7/30/14,0.09
7/31/14,0.08
8/1/14,0.09
8/2/14,0.09
8/3/14,0.09
8/4/14,0.09
8/5/14,0.09
8/6/14,0.09
8/7/14,0.09
8/8/14,0.09
8/9/14,0.09
8/10/14,0.09
8/11/14,0.09
8/12/14,0.09
8/13/14,0.09
8/14/14,0.09
8/15/14,0.09
8/16/14,0.09
8/17/14,0.09
8/18/14,0.09
8/19/14,0.09
8/20/14,0.09
8/21/14,0.09
8/22/14,0.09
8/23/14,0.09
8/24/14,0.09
8/25/14,0.09
8/26/14,0.09
8/27/14,0.09
8/28/14,0.09
8/29/14,0.07
8/30/14,0.07
8/31/14,0.07
9/1/14,0.07
9/2/14,0.09
9/3/14,0.09
9/4/14,0.09
9/5/14,0.09
9/6/14,0.09
9/7/14,0.09
9/8/14,0.09
9/9/14,0.09
9/10/14,0.09
9/11/14,0.09
9/12/14,0.09
9/13/14,0.09
9/14/14,0.09
9/15/14,0.09
9/16/14,0.09
9/17/14,0.09
9/18/14,0.09
9/19/14,0.09
9/20/14,0.09
9/21/14,0.09
9/22/14,0.09
9/23/14,0.09
9/24/14,0.09
9/25/14,0.09
9/26/14,0.09
9/27/14,0.09
9/28/14,0.09
9/29/14,0.08
9/30/14,0.07
10/1/14,0.09
10/2/14,0.09
10/3/14,0.09
10/4/14,0.09
10/5/14,0.09
10/6/14,0.09
10/7/14,0.09
10/8/14,0.09
10/9/14,0.08
10/10/14,0.09
10/11/14,0.09
10/12/14,0.09
10/13/14,0.09
10/14/14,0.09
10/15/14,0.09
10/16/14,0.09
10/17/14,0.09
10/18/14,0.09
10/19/14,0.09
10/20/14,0.09
10/21/14,0.09
10/22/14,0.09
10/23/14,0.09
10/24/14,0.09
10/25/14,0.09
10/26/14,0.09
10/27/14,0.09
10/28/14,0.09
10/29/14,0.09
10/30/14,0.09
10/31/14,0.07
11/1/14,0.07
11/2/14,0.07
11/3/14,0.09
11/4/14,0.1
11/5/14,0.09
11/6/14,0.09
11/7/14,0.09
11/8/14,0.09
11/9/14,0.09
11/10/14,0.09
11/11/14,0.09
11/12/14,0.09
11/13/14,0.09
11/14/14,0.09
11/15/14,0.09
11/16/14,0.09
11/17/14,0.1
11/18/14,0.11
11/19/14,0.1
11/20/14,0.1
11/21/14,0.1
11/22/14,0.1
11/23/14,0.1
11/24/14,0.1
11/25/14,0.1
11/26/14,0.1
11/27/14,0.1
11/28/14,0.08
11/29/14,0.08
11/30/14,0.08
12/1/14,0.13
12/2/14,0.12
12/3/14,0.12
12/4/14,0.12
12/5/14,0.12
12/6/14,0.12
12/7/14,0.12
12/8/14,0.12
12/9/14,0.12
12/10/14,0.12
12/11/14,0.12
12/12/14,0.12
12/13/14,0.12
12/14/14,0.12
12/15/14,0.11
12/16/14,0.12
12/17/14,0.13
12/18/14,0.13
12/19/14,0.13
12/20/14,0.13
12/21/14,0.13
12/22/14,0.13
12/23/14,0.13
12/24/14,0.13
12/25/14,0.13
12/26/14,0.13
12/27/14,0.13
12/28/14,0.13
12/29/14,0.13
12/30/14,0.13
12/31/14,0.06
1/1/15,0.06
1/2/15,0.12
1/3/15,0.12
1/4/15,0.12
1/5/15,0.12
1/6/15,0.12
1/7/15,0.12
1/8/15,0.12
1/9/15,0.12
1/10/15,0.12
1/11/15,0.12
1/12/15,0.12
1/13/15,0.12
1/14/15,0.12
1/15/15,0.12
1/16/15,0.13
1/17/15,0.13
1/18/15,0.13
1/19/15,0.13
1/20/15,0.12
1/21/15,0.12
1/22/15,0.12
1/23/15,0.12
1/24/15,0.12
1/25/15,0.12
1/26/15,0.12
1/27/15,0.11
1/28/15,0.12
1/29/15,0.11
1/30/15,0.06
1/31/15,0.06
2/1/15,0.06
2/2/15,0.12
2/3/15,0.12
2/4/15,0.11
2/5/15,0.12
2/6/15,0.11
2/7/15,0.11
2/8/15,0.11
2/9/15,0.12
2/10/15,0.12
2/11/15,0.12
2/12/15,0.12
2/13/15,0.12
2/14/15,0.12
2/15/15,0.12
2/16/15,0.12
2/17/15,0.12
2/18/15,0.12
2/19/15,0.12
2/20/15,0.12
2/21/15,0.12
2/22/15,0.12
2/23/15,0.11
2/24/15,0.11
2/25/15,0.11
2/26/15,0.11
2/27/15,0.06
2/28/15,0.06
3/1/15,0.06
3/2/15,0.12
3/3/15,0.12
3/4/15,0.11
3/5/15,0.11
3/6/15,0.12
3/7/15,0.12
3/8/15,0.12
3/9/15,0.12
3/10/15,0.12
3/11/15,0.11
3/12/15,0.11
3/13/15,0.11
3/14/15,0.11
3/15/15,0.11
3/16/15,0.12
3/17/15,0.12
3/18/15,0.11
3/19/15,0.12
3/20/15,0.12
3/21/15,0.12
3/22/15,0.12
3/23/15,0.12
3/24/15,0.11
3/25/15,0.12
3/26/15,0.11
3/27/15,0.12
3/28/15,0.12
3/29/15,0.12
3/30/15,0.12
3/31/15,0.06
4/1/15,0.12
4/2/15,0.12
4/3/15,0.12
4/4/15,0.12
4/5/15,0.12
4/6/15,0.13
4/7/15,0.12
4/8/15,0.12
4/9/15,0.12
4/10/15,0.12
4/11/15,0.12
4/12/15,0.12
4/13/15,0.13
4/14/15,0.13
4/15/15,0.13
4/16/15,0.13
4/17/15,0.13
4/18/15,0.13
4/19/15,0.13
4/20/15,0.13
4/21/15,0.13
4/22/15,0.13
4/23/15,0.13
4/24/15,0.13
4/25/15,0.13
4/26/15,0.13
4/27/15,0.13
4/28/15,0.13
4/29/15,0.13
4/30/15,0.08
5/1/15,0.13
5/2/15,0.13
5/3/15,0.13
5/4/15,0.13
5/5/15,0.13
5/6/15,0.13
5/7/15,0.13
5/8/15,0.13
5/9/15,0.13
5/10/15,0.13
5/11/15,0.13
5/12/15,0.13
5/13/15,0.13
5/14/15,0.13
5/15/15,0.13
5/16/15,0.13
5/17/15,0.13
5/18/15,0.13
5/19/15,0.12
5/20/15,0.12
5/21/15,0.12
5/22/15,0.13
5/23/15,0.13
5/24/15,0.13
5/25/15,0.13
5/26/15,0.12
5/27/15,0.12
5/28/15,0.12
5/29/15,0.08
5/30/15,0.08
5/31/15,0.08
6/1/15,0.12
6/2/15,0.12
6/3/15,0.13
6/4/15,0.13
6/5/15,0.13
6/6/15,0.13
6/7/15,0.13
6/8/15,0.13
6/9/15,0.13
6/10/15,0.13
6/11/15,0.13
6/12/15,0.13
6/13/15,0.13
6/14/15,0.13
6/15/15,0.13
6/16/15,0.14
6/17/15,0.14
6/18/15,0.14
6/19/15,0.13
6/20/15,0.13
6/21/15,0.13
6/22/15,0.13
6/23/15,0.13
6/24/15,0.13
6/25/15,0.13
6/26/15,0.13
6/27/15,0.13
6/28/15,0.13
6/29/15,0.14
6/30/15,0.08
7/1/15,0.13
7/2/15,0.13
7/3/15,0.13
7/4/15,0.13
7/5/15,0.13
7/6/15,0.13
7/7/15,0.13
7/8/15,0.13
7/9/15,0.13
7/10/15,0.13
7/11/15,0.13
7/12/15,0.13
7/13/15,0.13
7/14/15,0.13
7/15/15,0.13
7/16/15,0.14
7/17/15,0.13
7/18/15,0.13
7/19/15,0.13
7/20/15,0.14
7/21/15,0.13
7/22/15,0.13
7/23/15,0.13
7/24/15,0.13
7/25/15,0.13
7/26/15,0.13
7/27/15,0.14
7/28/15,0.14
7/29/15,0.14
7/30/15,0.14
7/31/15,0.08
8/1/15,0.08
8/2/15,0.08
8/3/15,0.14
8/4/15,0.14
8/5/15,0.14
8/6/15,0.14
8/7/15,0.14
8/8/15,0.14
8/9/15,0.14
8/10/15,0.14
8/11/15,0.15
8/12/15,0.15
8/13/15,0.15
8/14/15,0.14
8/15/15,0.14
8/16/15,0.14
8/17/15,0.15
8/18/15,0.15
8/19/15,0.15
8/20/15,0.15
8/21/15,0.15
8/22/15,0.15
8/23/15,0.15
8/24/15,0.15
8/25/15,0.15
8/26/15,0.14
8/27/15,0.14
8/28/15,0.14
8/29/15,0.14
8/30/15,0.14
8/31/15,0.08
9/1/15,0.14
9/2/15,0.14
9/3/15,0.14
9/4/15,0.14
9/5/15,0.14
9/6/15,0.14
9/7/15,0.14
9/8/15,0.14
9/9/15,0.14
9/10/15,0.14
9/11/15,0.14
9/12/15,0.14
9/13/15,0.14
9/14/15,0.14
9/15/15,0.14
9/16/15,0.14
9/17/15,0.14
9/18/15,0.14
9/19/15,0.14
9/20/15,0.14
9/21/15,0.14
9/22/15,0.14
9/23/15,0.14
9/24/15,0.14
9/25/15,0.13
9/26/15,0.13
9/27/15,0.13
9/28/15,0.13
9/29/15,0.13
9/30/15,0.07
10/1/15,0.13
10/2/15,0.13
10/3/15,0.13
10/4/15,0.13
10/5/15,0.13
10/6/15,0.13
10/7/15,0.13
10/8/15,0.13
10/9/15,0.13
10/10/15,0.13
10/11/15,0.13
10/12/15,0.13
10/13/15,0.13
10/14/15,0.13
10/15/15,0.13
10/16/15,0.13
10/17/15,0.13
10/18/15,0.13
10/19/15,0.13
10/20/15,0.13
10/21/15,0.13
10/22/15,0.12
10/23/15,0.12
10/24/15,0.12
10/25/15,0.12
10/26/15,0.12
10/27/15,0.12
10/28/15,0.12
10/29/15,0.12
10/30/15,0.07
10/31/15,0.07
11/1/15,0.07
11/2/15,0.12
11/3/15,0.12
11/4/15,0.12
11/5/15,0.12
11/6/15,0.12
11/7/15,0.12
11/8/15,0.12
11/9/15,0.12
11/10/15,0.12
11/11/15,0.12
11/12/15,0.12
11/13/15,0.12
11/14/15,0.12
11/15/15,0.12
11/16/15,0.13
11/17/15,0.13
11/18/15,0.12
11/19/15,0.12
11/20/15,0.12
11/21/15,0.12
11/22/15,0.12
11/23/15,0.12
11/24/15,0.12
11/25/15,0.12
11/26/15,0.12
11/27/15,0.12
11/28/15,0.12
11/29/15,0.12
11/30/15,0.08
12/1/15,0.13
12/2/15,0.13
12/3/15,0.13
12/4/15,0.13
12/5/15,0.13
12/6/15,0.13
12/7/15,0.13
12/8/15,0.13
12/9/15,0.14
12/10/15,0.14
12/11/15,0.14
12/12/15,0.14
12/13/15,0.14
12/14/15,0.15
12/15/15,0.15
12/16/15,0.15
12/17/15,0.37
12/18/15,0.37
12/19/15,0.37
12/20/15,0.37
12/21/15,0.36
12/22/15,0.36
12/23/15,0.36
12/24/15,0.36
12/25/15,0.36
12/26/15,0.36
12/27/15,0.36
12/28/15,0.36
12/29/15,0.36
12/30/15,0.35
12/31/15,0.2
1/1/16,0.2
1/2/16,0.2
1/3/16,0.2
1/4/16,0.36
1/5/16,0.36
1/6/16,0.36
1/7/16,0.36
1/8/16,0.36
1/9/16,0.36
1/10/16,0.36
1/11/16,0.36
1/12/16,0.36
1/13/16,0.36
1/14/16,0.36
1/15/16,0.36
1/16/16,0.36
1/17/16,0.36
1/18/16,0.36
1/19/16,0.36
1/20/16,0.37
1/21/16,0.37
1/22/16,0.38
1/23/16,0.38
1/24/16,0.38
1/25/16,0.38
1/26/16,0.38
1/27/16,0.38
1/28/16,0.38
1/29/16,0.29
1/30/16,0.29
1/31/16,0.29
2/1/16,0.38
2/2/16,0.38
2/3/16,0.38
2/4/16,0.38
2/5/16,0.38
2/6/16,0.38
2/7/16,0.38
2/8/16,0.38
2/9/16,0.38
2/10/16,0.38
2/11/16,0.38
2/12/16,0.38
2/13/16,0.38
2/14/16,0.38
2/15/16,0.38
2/16/16,0.38
2/17/16,0.37
2/18/16,0.38
2/19/16,0.38
2/20/16,0.38
2/21/16,0.38
2/22/16,0.38
2/23/16,0.38
2/24/16,0.38
2/25/16,0.37
2/26/16,0.37
2/27/16,0.37
2/28/16,0.37
2/29/16,0.29
3/1/16,0.36
3/2/16,0.37
3/3/16,0.37
3/4/16,0.36
3/5/16,0.36
3/6/16,0.36
3/7/16,0.36
3/8/16,0.36
3/9/16,0.36
3/10/16,0.36
3/11/16,0.36
3/12/16,0.36
3/13/16,0.36
3/14/16,0.36
3/15/16,0.37
3/16/16,0.37
3/17/16,0.37
3/18/16,0.37
3/19/16,0.37
3/20/16,0.37
3/21/16,0.37
3/22/16,0.37
3/23/16,0.37
3/24/16,0.37
3/25/16,0.37
3/26/16,0.37
3/27/16,0.37
3/28/16,0.37
3/29/16,0.37
3/30/16,0.37
3/31/16,0.25
4/1/16,0.37
4/2/16,0.37
4/3/16,0.37
4/4/16,0.37
4/5/16,0.37
4/6/16,0.37
4/7/16,0.37
4/8/16,0.37
4/9/16,0.37
4/10/16,0.37
4/11/16,0.37
4/12/16,0.37
4/13/16,0.37
4/14/16,0.37
4/15/16,0.37
4/16/16,0.37
4/17/16,0.37
4/18/16,0.37
4/19/16,0.37
4/20/16,0.37
4/21/16,0.37
4/22/16,0.37
4/23/16,0.37
4/24/16,0.37
4/25/16,0.37
4/26/16,0.37
4/27/16,0.37
4/28/16,0.37
4/29/16,0.3
4/30/16,0.3
5/1/16,0.3
5/2/16,0.37
5/3/16,0.37
5/4/16,0.37
5/5/16,0.37
5/6/16,0.37
5/7/16,0.37
5/8/16,0.37
5/9/16,0.37
5/10/16,0.37
5/11/16,0.37
5/12/16,0.37
5/13/16,0.37
5/14/16,0.37
5/15/16,0.37
5/16/16,0.37
5/17/16,0.37
5/18/16,0.37
5/19/16,0.37
5/20/16,0.37
5/21/16,0.37
5/22/16,0.37
5/23/16,0.37
5/24/16,0.37
5/25/16,0.37
5/26/16,0.37
5/27/16,0.37
5/28/16,0.37
5/29/16,0.37
5/30/16,0.37
5/31/16,0.29
6/1/16,0.37
6/2/16,0.37
6/3/16,0.37
6/4/16,0.37
6/5/16,0.37
6/6/16,0.37
6/7/16,0.37
6/8/16,0.37
6/9/16,0.37
6/10/16,0.37
6/11/16,0.37
6/12/16,0.37
6/13/16,0.37
6/14/16,0.37
6/15/16,0.37
6/16/16,0.38
6/17/16,0.38
6/18/16,0.38
6/19/16,0.38
6/20/16,0.38
6/21/16,0.38
6/22/16,0.38
6/23/16,0.39
6/24/16,0.4
6/25/16,0.4
6/26/16,0.4
6/27/16,0.41
6/28/16,0.41
6/29/16,0.41
6/30/16,0.3
7/1/16,0.41
7/2/16,0.41
7/3/16,0.41
7/4/16,0.41
7/5/16,0.4
7/6/16,0.4
7/7/16,0.4
7/8/16,0.4
7/9/16,0.4
7/10/16,0.4
7/11/16,0.4
7/12/16,0.4
7/13/16,0.4
7/14/16,0.4
7/15/16,0.4
7/16/16,0.4
7/17/16,0.4
7/18/16,0.4
7/19/16,0.4
7/20/16,0.4
7/21/16,0.4
7/22/16,0.4
7/23/16,0.4
7/24/16,0.4
7/25/16,0.4
7/26/16,0.4
7/27/16,0.4
7/28/16,0.4
7/29/16,0.3
7/30/16,0.3
7/31/16,0.3
8/1/16,0.4
8/2/16,0.4
8/3/16,0.4
8/4/16,0.4
8/5/16,0.4
8/6/16,0.4
8/7/16,0.4
8/8/16,0.4
8/9/16,0.4
8/10/16,0.4
8/11/16,0.4
8/12/16,0.4
8/13/16,0.4
8/14/16,0.4
8/15/16,0.4
8/16/16,0.4
8/17/16,0.4
8/18/16,0.4
8/19/16,0.4
8/20/16,0.4
8/21/16,0.4
8/22/16,0.4
8/23/16,0.4
8/24/16,0.4
8/25/16,0.4
8/26/16,0.4
8/27/16,0.4
8/28/16,0.4
8/29/16,0.4
8/30/16,0.4
8/31/16,0.3
9/1/16,0.4
9/2/16,0.4
9/3/16,0.4
9/4/16,0.4
9/5/16,0.4
9/6/16,0.4
9/7/16,0.4
9/8/16,0.4
9/9/16,0.4
9/10/16,0.4
9/11/16,0.4
9/12/16,0.4
9/13/16,0.4
9/14/16,0.4
9/15/16,0.4
9/16/16,0.4
9/17/16,0.4
9/18/16,0.4
9/19/16,0.4
9/20/16,0.4
9/21/16,0.4
9/22/16,0.4
9/23/16,0.4
9/24/16,0.4
9/25/16,0.4
9/26/16,0.4
9/27/16,0.4
9/28/16,0.4
9/29/16,0.4
9/30/16,0.29
10/1/16,0.29
10/2/16,0.29
10/3/16,0.4
10/4/16,0.4
10/5/16,0.4
10/6/16,0.4
10/7/16,0.4
10/8/16,0.4
10/9/16,0.4
10/10/16,0.4
10/11/16,0.41
10/12/16,0.41
10/13/16,0.41
10/14/16,0.41
10/15/16,0.41
10/16/16,0.41
10/17/16,0.41
10/18/16,0.41
10/19/16,0.41
10/20/16,0.41
10/21/16,0.41
10/22/16,0.41
10/23/16,0.41
10/24/16,0.41
10/25/16,0.41
10/26/16,0.41
10/27/16,0.41
10/28/16,0.41
10/29/16,0.41
10/30/16,0.41
10/31/16,0.31
11/1/16,0.41
11/2/16,0.41
11/3/16,0.41
11/4/16,0.41
11/5/16,0.41
11/6/16,0.41
11/7/16,0.41
11/8/16,0.41
11/9/16,0.41
11/10/16,0.41
11/11/16,0.41
11/12/16,0.41
11/13/16,0.41
11/14/16,0.41
11/15/16,0.41
11/16/16,0.41
11/17/16,0.41
11/18/16,0.41
11/19/16,0.41
11/20/16,0.41
11/21/16,0.41
11/22/16,0.41
11/23/16,0.41
11/24/16,0.41
11/25/16,0.41
11/26/16,0.41
11/27/16,0.41
11/28/16,0.41
11/29/16,0.41
11/30/16,0.31
12/1/16,0.41
12/2/16,0.41
12/3/16,0.41
12/4/16,0.41
12/5/16,0.41
12/6/16,0.41
12/7/16,0.41
12/8/16,0.41
12/9/16,0.41
12/10/16,0.41
12/11/16,0.41
12/12/16,0.41
12/13/16,0.41
12/14/16,0.41
12/15/16,0.66
12/16/16,0.66
12/17/16,0.66
12/18/16,0.66
12/19/16,0.66
12/20/16,0.66
12/21/16,0.66
12/22/16,0.66
12/23/16,0.66
12/24/16,0.66
12/25/16,0.66
12/26/16,0.66
12/27/16,0.66
12/28/16,0.66
12/29/16,0.66
12/30/16,0.55
12/31/16,0.55
1/1/17,0.55
1/2/17,0.55
1/3/17,0.66
1/4/17,0.66
1/5/17,0.66
1/6/17,0.66
1/7/17,0.66
1/8/17,0.66
1/9/17,0.66
1/10/17,0.66
1/11/17,0.66
1/12/17,0.66
1/13/17,0.66
1/14/17,0.66
1/15/17,0.66
1/16/17,0.66
1/17/17,0.66
1/18/17,0.66
1/19/17,0.66
1/20/17,0.66
1/21/17,0.66
1/22/17,0.66
1/23/17,0.66
1/24/17,0.66
1/25/17,0.66
1/26/17,0.66
1/27/17,0.66
1/28/17,0.66
1/29/17,0.66
1/30/17,0.66
1/31/17,0.56
2/1/17,0.66
2/2/17,0.66
2/3/17,0.66
2/4/17,0.66
2/5/17,0.66
2/6/17,0.66
2/7/17,0.66
2/8/17,0.66
2/9/17,0.66
2/10/17,0.66
2/11/17,0.66
2/12/17,0.66
2/13/17,0.66
2/14/17,0.66
2/15/17,0.66
2/16/17,0.66
2/17/17,0.66
2/18/17,0.66
2/19/17,0.66
2/20/17,0.66
2/21/17,0.66
2/22/17,0.66
2/23/17,0.66
2/24/17,0.66
2/25/17,0.66
2/26/17,0.66
2/27/17,0.66
2/28/17,0.57
3/1/17,0.66
3/2/17,0.66
3/3/17,0.66
3/4/17,0.66
3/5/17,0.66
3/6/17,0.66
3/7/17,0.66
3/8/17,0.66
3/9/17,0.66
3/10/17,0.66
3/11/17,0.66
3/12/17,0.66
3/13/17,0.66
3/14/17,0.66
3/15/17,0.66
3/16/17,0.91
3/17/17,0.91
3/18/17,0.91
3/19/17,0.91
3/20/17,0.91
3/21/17,0.91
3/22/17,0.91
3/23/17,0.91
3/24/17,0.91
3/25/17,0.91
3/26/17,0.91
3/27/17,0.91
3/28/17,0.91
3/29/17,0.91
3/30/17,0.91
3/31/17,0.82
4/1/17,0.82
4/2/17,0.82
4/3/17,0.91
4/4/17,0.91
4/5/17,0.91
4/6/17,0.91
4/7/17,0.91
4/8/17,0.91
4/9/17,0.91
4/10/17,0.91
4/11/17,0.91
4/12/17,0.91
4/13/17,0.91
4/14/17,0.91
4/15/17,0.91
4/16/17,0.91
4/17/17,0.91
4/18/17,0.91
4/19/17,0.91
4/20/17,0.91
4/21/17,0.91
4/22/17,0.91
4/23/17,0.91
4/24/17,0.91
4/25/17,0.91
4/26/17,0.91
4/27/17,0.91
4/28/17,0.83
4/29/17,0.83
4/30/17,0.83
5/1/17,0.91
5/2/17,0.91
5/3/17,0.91
5/4/17,0.91
5/5/17,0.91
5/6/17,0.91
5/7/17,0.91
5/8/17,0.91
5/9/17,0.91
5/10/17,0.91
5/11/17,0.91
5/12/17,0.91
5/13/17,0.91
5/14/17,0.91
5/15/17,0.91
5/16/17,0.91
5/17/17,0.91
5/18/17,0.91
5/19/17,0.91
5/20/17,0.91
5/21/17,0.91
5/22/17,0.91
5/23/17,0.91
5/24/17,0.91
5/25/17,0.91
5/26/17,0.91
5/27/17,0.91
5/28/17,0.91
5/29/17,0.91
5/30/17,0.91
5/31/17,0.83
6/1/17,0.91
6/2/17,0.91
6/3/17,0.91
6/4/17,0.91
6/5/17,0.91
6/6/17,0.91
6/7/17,0.91
6/8/17,0.91
6/9/17,0.91
6/10/17,0.91
6/11/17,0.91
6/12/17,0.91
6/13/17,0.91
6/14/17,0.91
6/15/17,1.16
6/16/17,1.16
6/17/17,1.16
6/18/17,1.16
6/19/17,1.16
6/20/17,1.16
6/21/17,1.16
6/22/17,1.16
6/23/17,1.16
6/24/17,1.16
6/25/17,1.16
6/26/17,1.16
6/27/17,1.16
6/28/17,1.16
6/29/17,1.16
6/30/17,1.06
7/1/17,1.06
7/2/17,1.06
7/3/17,1.16
7/4/17,1.16
7/5/17,1.16
7/6/17,1.16
7/7/17,1.16
7/8/17,1.16
7/9/17,1.16
7/10/17,1.16
7/11/17,1.16
7/12/17,1.16
7/13/17,1.16
7/14/17,1.16
7/15/17,1.16
7/16/17,1.16
7/17/17,1.16
7/18/17,1.16
7/19/17,1.16
7/20/17,1.16
7/21/17,1.16
7/22/17,1.16
7/23/17,1.16
7/24/17,1.16
7/25/17,1.16
7/26/17,1.16
7/27/17,1.16
7/28/17,1.16
7/29/17,1.16
7/30/17,1.16
7/31/17,1.07
8/1/17,1.16
8/2/17,1.16
8/3/17,1.16
8/4/17,1.16
8/5/17,1.16
8/6/17,1.16
8/7/17,1.16
8/8/17,1.16
8/9/17,1.16
8/10/17,1.16
8/11/17,1.16
8/12/17,1.16
8/13/17,1.16
8/14/17,1.16
8/15/17,1.16
8/16/17,1.16
8/17/17,1.16
8/18/17,1.16
8/19/17,1.16
8/20/17,1.16
8/21/17,1.16
8/22/17,1.16
8/23/17,1.16
8/24/17,1.16
8/25/17,1.16
8/26/17,1.16
8/27/17,1.16
8/28/17,1.16
8/29/17,1.16
8/30/17,1.16
8/31/17,1.07
9/1/17,1.16
9/2/17,1.16
9/3/17,1.16
9/4/17,1.16
9/5/17,1.16
9/6/17,1.16
9/7/17,1.16
9/8/17,1.16
9/9/17,1.16
9/10/17,1.16
9/11/17,1.16
9/12/17,1.16
9/13/17,1.16
9/14/17,1.16
9/15/17,1.16
9/16/17,1.16
9/17/17,1.16
9/18/17,1.16
9/19/17,1.16
9/20/17,1.16
9/21/17,1.16
9/22/17,1.16
9/23/17,1.16
9/24/17,1.16
9/25/17,1.16
9/26/17,1.16
9/27/17,1.16
9/28/17,1.16
9/29/17,1.06
9/30/17,1.06
10/1/17,1.06
10/2/17,1.16
10/3/17,1.16
10/4/17,1.16
10/5/17,1.16
10/6/17,1.16
10/7/17,1.16
10/8/17,1.16
10/9/17,1.16
10/10/17,1.16
10/11/17,1.16
10/12/17,1.16
10/13/17,1.16
10/14/17,1.16
10/15/17,1.16
10/16/17,1.16
10/17/17,1.16
10/18/17,1.16
10/19/17,1.16
10/20/17,1.16
10/21/17,1.16
10/22/17,1.16
10/23/17,1.16
10/24/17,1.16
10/25/17,1.16
10/26/17,1.16
10/27/17,1.16
10/28/17,1.16
10/29/17,1.16
10/30/17,1.16
10/31/17,1.07
11/1/17,1.16
11/2/17,1.16
11/3/17,1.16
11/4/17,1.16
11/5/17,1.16
11/6/17,1.16
11/7/17,1.16
11/8/17,1.16
11/9/17,1.16
11/10/17,1.16
11/11/17,1.16
11/12/17,1.16
11/13/17,1.16
11/14/17,1.16
11/15/17,1.16
11/16/17,1.16
11/17/17,1.16
11/18/17,1.16
11/19/17,1.16
11/20/17,1.16
11/21/17,1.16
11/22/17,1.16
11/24/17,1.16
11/25/17,1.16
11/26/17,1.16
11/27/17,1.16
11/28/17,1.16
11/29/17,1.16
11/30/17,1.07
12/1/17,1.16
12/2/17,1.16
12/3/17,1.16
12/4/17,1.16
12/5/17,1.16
12/6/17,1.16
12/7/17,1.16
12/8/17,1.16
12/9/17,1.16
12/10/17,1.16
12/11/17,1.16
12/12/17,1.17
12/13/17,1.17
12/14/17,1.41
12/15/17,1.41
12/16/17,1.41
12/17/17,1.41
12/18/17,1.42
12/19/17,1.42
12/20/17,1.42
12/21/17,1.42
12/22/17,1.42
12/23/17,1.42
12/24/17,1.42
12/26/17,1.42
12/27/17,1.42
12/28/17,1.42
12/29/17,1.33
12/30/17,1.33
12/31/17,1.33
1/2/18,1.42
1/3/18,1.42
1/4/18,1.42
1/5/18,1.42
1/6/18,1.42
1/7/18,1.42
1/8/18,1.42
1/9/18,1.42
1/10/18,1.42
1/11/18,1.42
1/12/18,1.42
1/13/18,1.42
1/14/18,1.42
1/16/18,1.42
1/17/18,1.42
1/18/18,1.42
1/19/18,1.42
1/20/18,1.42
1/21/18,1.42
1/22/18,1.42
1/23/18,1.42
1/24/18,1.42
1/25/18,1.42
1/26/18,1.42
1/27/18,1.42
1/28/18,1.42
1/29/18,1.42
1/30/18,1.42
1/31/18,1.34
2/1/18,1.42
2/2/18,1.42
2/3/18,1.42
2/4/18,1.42
2/5/18,1.42
2/6/18,1.42
2/7/18,1.42
2/8/18,1.42
2/9/18,1.42
2/10/18,1.42
2/11/18,1.42
2/12/18,1.42
2/13/18,1.42
2/14/18,1.42
2/15/18,1.42
2/16/18,1.42
2/17/18,1.42
2/18/18,1.42
2/20/18,1.42
2/21/18,1.42
2/22/18,1.42
2/23/18,1.42
2/24/18,1.42
2/25/18,1.42
2/26/18,1.42
2/27/18,1.42
2/28/18,1.35
3/1/18,1.42
3/2/18,1.42
3/3/18,1.42
3/4/18,1.42
3/5/18,1.42
3/6/18,1.42
3/7/18,1.42
3/8/18,1.42
3/9/18,1.42
3/10/18,1.42
3/11/18,1.42
3/12/18,1.42
3/13/18,1.42
3/14/18,1.42
3/15/18,1.43
3/16/18,1.43
3/17/18,1.43
3/18/18,1.43
3/19/18,1.43
3/20/18,1.44
3/21/18,1.44
3/22/18,1.68
3/23/18,1.68
3/24/18,1.68
3/25/18,1.68
3/26/18,1.68
3/27/18,1.68
3/28/18,1.68
3/29/18,1.68
3/30/18,1.67
3/31/18,1.67
4/1/18,1.67
4/2/18,1.68
4/3/18,1.69
4/4/18,1.69
4/5/18,1.69
4/6/18,1.69
4/7/18,1.69
4/8/18,1.69
4/9/18,1.69
4/10/18,1.69
4/11/18,1.69
4/12/18,1.69
4/13/18,1.69
4/14/18,1.69
4/15/18,1.69
4/16/18,1.69
4/17/18,1.69
4/18/18,1.69
4/19/18,1.69
4/20/18,1.7
4/21/18,1.7
4/22/18,1.7
4/23/18,1.7
4/24/18,1.7
4/25/18,1.7
4/26/18,1.7
4/27/18,1.7
4/28/18,1.7
4/29/18,1.7
4/30/18,1.69
5/1/18,1.7
5/2/18,1.7
5/3/18,1.7
5/4/18,1.7
5/5/18,1.7
5/6/18,1.7
5/7/18,1.7
5/8/18,1.7
5/9/18,1.7
5/10/18,1.7
5/11/18,1.7
5/12/18,1.7
5/13/18,1.7
5/14/18,1.7
5/15/18,1.7
5/16/18,1.7
5/17/18,1.7
5/18/18,1.7
5/19/18,1.7
5/20/18,1.7
5/21/18,1.7
5/22/18,1.7
5/23/18,1.7
5/24/18,1.7
5/25/18,1.7
5/26/18,1.7
5/27/18,1.7
5/29/18,1.7
5/30/18,1.7
5/31/18,1.7
6/1/18,1.7
6/2/18,1.7
6/3/18,1.7
6/4/18,1.7
6/5/18,1.7
6/6/18,1.7
6/7/18,1.7
6/8/18,1.7
6/9/18,1.7
6/10/18,1.7
6/11/18,1.7
6/12/18,1.7
6/13/18,1.7
6/14/18,1.9
6/15/18,1.9
6/18/18,1.9
6/19/18,1.91
6/20/18,1.92
6/21/18,1.92
6/22/18,1.92
6/25/18,1.92
6/26/18,1.92
6/27/18,1.91
6/28/18,1.91
6/29/18,1.91
7/2/18,1.91
7/3/18,1.91
7/5/18,1.91
7/6/18,1.91
7/9/18,1.91
7/10/18,1.91
7/11/18,1.91
7/12/18,1.91
7/13/18,1.91
7/16/18,1.91
7/17/18,1.91
7/18/18,1.91
7/19/18,1.91
7/20/18,1.91
7/23/18,1.91
7/24/18,1.91
7/25/18,1.91
7/26/18,1.91
7/27/18,1.91
7/30/18,1.91
7/31/18,1.91
8/1/18,1.91
8/2/18,1.91
8/3/18,1.91
8/6/18,1.91
8/7/18,1.91
8/8/18,1.91
8/9/18,1.91
8/10/18,1.91
8/13/18,1.91
8/14/18,1.91
8/15/18,1.91
8/16/18,1.92
8/17/18,1.92
8/20/18,1.92
8/21/18,1.92
8/22/18,1.92
8/23/18,1.92
8/24/18,1.92
8/27/18,1.92
8/28/18,1.92
8/29/18,1.92
8/30/18,1.92
8/31/18,1.91
9/4/18,1.92
9/5/18,1.92
9/6/18,1.92
9/7/18,1.92
9/10/18,1.92
9/11/18,1.92
9/12/18,1.92
9/13/18,1.92
9/14/18,1.92
9/17/18,1.92
9/18/18,1.92
9/19/18,1.92
9/20/18,1.92
9/21/18,1.92
9/24/18,1.93
9/25/18,1.93
9/26/18,1.93
9/27/18,2.18
9/28/18,2.18
10/1/18,2.18
10/2/18,2.18
10/3/18,2.18
10/4/18,2.18
10/5/18,2.18
10/9/18,2.18
10/10/18,2.18
10/11/18,2.18
10/12/18,2.18
10/15/18,2.18
10/16/18,2.18
10/17/18,2.19
10/18/18,2.19
10/19/18,2.19
10/22/18,2.19
10/23/18,2.2
10/24/18,2.2
10/25/18,2.2
10/26/18,2.2
10/29/18,2.2
10/30/18,2.2
10/31/18,2.2
11/1/18,2.2
11/2/18,2.19
11/5/18,2.2
11/6/18,2.2
11/7/18,2.2
11/8/18,2.2
11/9/18,2.19
11/13/18,2.2
11/14/18,2.2
11/15/18,2.2
11/16/18,2.2
11/19/18,2.2
11/20/18,2.2
11/21/18,2.2
11/23/18,2.2
11/26/18,2.2
11/27/18,2.2
11/28/18,2.2
11/29/18,2.2
11/30/18,2.2
12/3/18,2.19
12/4/18,2.2
12/5/18,2.2
12/6/18,2.2
12/7/18,2.19
12/10/18,2.2
12/11/18,2.19
12/12/18,2.19
12/13/18,2.19
12/14/18,2.19
12/17/18,2.2
12/18/18,2.2
12/19/18,2.2
12/20/18,2.4
12/21/18,2.4
12/24/18,2.4
12/26/18,2.4
12/27/18,2.4
12/28/18,2.4
12/31/18,2.4
1/2/19,2.4
1/3/19,2.4
1/4/19,2.4
1/7/19,2.4
1/8/19,2.4
1/9/19,2.4
1/10/19,2.4
1/11/19,2.4
1/14/19,2.4
1/15/19,2.4
1/16/19,2.4
1/17/19,2.4
1/18/19,2.4
1/22/19,2.4
1/23/19,2.4
1/24/19,2.4
1/25/19,2.4
1/28/19,2.4
1/29/19,2.4
1/30/19,2.4
1/31/19,2.4
2/1/19,2.4
2/4/19,2.4
2/5/19,2.4
2/6/19,2.4
2/7/19,2.4
2/8/19,2.4
2/11/19,2.4
2/12/19,2.4
2/13/19,2.4
2/14/19,2.4
2/15/19,2.4
2/19/19,2.4
2/20/19,2.4
2/21/19,2.4
2/22/19,2.4
2/25/19,2.4
2/26/19,2.4
2/27/19,2.4
2/28/19,2.4
3/1/19,2.4
3/4/19,2.4
3/5/19,2.4
3/6/19,2.4
3/7/19,2.4
3/8/19,2.4
3/11/19,2.4
3/12/19,2.4
3/13/19,2.4
3/14/19,2.4
3/15/19,2.4
3/18/19,2.4
3/19/19,2.4
3/20/19,2.41
3/21/19,2.41
3/22/19,2.41
3/25/19,2.4
3/26/19,2.4
3/27/19,2.41
3/28/19,2.41
3/29/19,2.43
4/1/19,2.41
4/2/19,2.41
4/3/19,2.41
4/4/19,2.41
4/5/19,2.41
4/8/19,2.41
4/9/19,2.41
4/10/19,2.41
4/11/19,2.41
4/12/19,2.41
4/15/19,2.41
4/16/19,2.41
4/17/19,2.42
4/18/19,2.43
4/19/19,2.44
4/22/19,2.44
4/23/19,2.44
4/24/19,2.44
4/25/19,2.44
4/26/19,2.44
4/29/19,2.45
4/30/19,2.45
5/1/19,2.45
5/2/19,2.41
5/3/19,2.4
5/6/19,2.4
5/7/19,2.4
5/8/19,2.39
5/9/19,2.38
5/10/19,2.38
5/13/19,2.38
5/14/19,2.38
5/15/19,2.4
5/16/19,2.39
5/17/19,2.39
5/20/19,2.39
5/21/19,2.39
5/22/19,2.38
5/23/19,2.38
5/24/19,2.38
5/28/19,2.39
5/29/19,2.39
5/30/19,2.39
5/31/19,2.4
6/3/19,2.38
6/4/19,2.38
6/5/19,2.38
6/6/19,2.37
6/7/19,2.37
6/10/19,2.37
6/11/19,2.37
6/12/19,2.37
6/13/19,2.37
6/14/19,2.36
6/17/19,2.38
6/18/19,2.37
6/19/19,2.37
6/20/19,2.37
6/21/19,2.38
6/24/19,2.38
6/25/19,2.38
6/26/19,2.38
6/27/19,2.38
6/28/19,2.4
7/1/19,2.39
7/2/19,2.4
7/3/19,2.41
7/5/19,2.42
7/8/19,2.41
7/9/19,2.41
7/10/19,2.41
7/11/19,2.4
7/12/19,2.38
7/15/19,2.4
7/16/19,2.41
7/17/19,2.41
7/18/19,2.41
7/19/19,2.41
7/22/19,2.4
7/23/19,2.4
7/24/19,2.4
7/25/19,2.4
7/26/19,2.4
7/29/19,2.4
7/30/19,2.39
7/31/19,2.4
8/1/19,2.14
8/2/19,2.14
8/5/19,2.13
8/6/19,2.13
8/7/19,2.12
8/8/19,2.12
8/9/19,2.12
8/12/19,2.12
8/13/19,2.12
8/14/19,2.12
8/15/19,2.13
8/16/19,2.13
8/19/19,2.13
8/20/19,2.13
8/21/19,2.12
8/22/19,2.12
8/23/19,2.12
8/26/19,2.12
8/27/19,2.12
8/28/19,2.12
8/29/19,2.12
8/30/19,2.13
9/3/19,2.13
9/4/19,2.13
9/5/19,2.13
9/6/19,2.12
9/9/19,2.13
9/10/19,2.13
9/11/19,2.13
9/12/19,2.13
9/13/19,2.14
9/16/19,2.25
9/17/19,2.3
9/18/19,2.25
9/19/19,1.9
9/20/19,1.9
9/23/19,1.9
9/24/19,1.9
9/25/19,1.9
9/26/19,1.85
9/27/19,1.83
9/30/19,1.9
10/1/19,1.88
10/2/19,1.85
10/3/19,1.83
10/4/19,1.82
10/7/19,1.82
10/8/19,1.82
10/9/19,1.82
10/10/19,1.82
10/11/19,1.82
10/15/19,1.9
10/16/19,1.9
10/17/19,1.85
10/18/19,1.85
10/21/19,1.85
10/22/19,1.85
10/23/19,1.85
10/24/19,1.85
10/25/19,1.83
10/28/19,1.83
10/29/19,1.82
10/30/19,1.82
10/31/19,1.58
11/1/19,1.57
11/4/19,1.56
11/5/19,1.56
11/6/19,1.55
11/7/19,1.55
11/8/19,1.55
11/12/19,1.55
11/13/19,1.55
11/14/19,1.55
11/15/19,1.55
11/18/19,1.55
11/19/19,1.55
11/20/19,1.55
11/21/19,1.55
11/22/19,1.55
11/25/19,1.55
11/26/19,1.55
11/27/19,1.55
11/29/19,1.56
12/2/19,1.56
12/3/19,1.55
12/4/19,1.55
12/5/19,1.55
12/6/19,1.55
12/9/19,1.55
12/10/19,1.55
12/11/19,1.55
12/12/19,1.55
12/13/19,1.55
12/16/19,1.56
12/17/19,1.55
12/18/19,1.55
12/19/19,1.55
12/20/19,1.55
12/23/19,1.55
12/24/19,1.55
12/26/19,1.55
12/27/19,1.55
12/30/19,1.55
12/31/19,1.55
1/2/20,1.55
1/3/20,1.55
1/6/20,1.55
1/7/20,1.55
1/8/20,1.55
1/9/20,1.55
1/10/20,1.54
1/13/20,1.54
1/14/20,1.54
1/15/20,1.54
1/16/20,1.54
1/17/20,1.55
1/21/20,1.55
1/22/20,1.55
1/23/20,1.55
1/24/20,1.55
1/27/20,1.55
1/28/20,1.55
1/29/20,1.55
1/30/20,1.6
1/31/20,1.59
2/3/20,1.59