Month,Fed_Rate
1/1/2011,0.13
1/2/2011,0.13
1/3/2011,0.19
1/4/2011,0.18
1/5/2011,0.18
1/6/2011,0.17
1/7/2011,0.17
1/8/2011,0.17
1/9/2011,0.17
1/10/2011,0.17
1/11/2011,0.17
1/12/2011,0.16
1/13/2011,0.16
1/14/2011,0.16
1/15/2011,0.16
1/16/2011,0.16
1/17/2011,0.16
1/18/2011,0.19
1/19/2011,0.18
1/20/2011,0.18
1/21/2011,0.17
1/22/2011,0.17
1/23/2011,0.17
1/24/2011,0.18
1/25/2011,0.17
1/26/2011,0.17
1/27/2011,0.17
1/28/2011,0.17
1/29/2011,0.17
1/30/2011,0.17
1/31/2011,0.17
2/1/2011,0.18
2/2/2011,0.18
2/3/2011,0.17
2/4/2011,0.17
2/5/2011,0.17
2/6/2011,0.17
2/7/2011,0.17
2/8/2011,0.16
2/9/2011,0.15
2/10/2011,0.15
2/11/2011,0.15
2/12/2011,0.15
2/13/2011,0.15
2/14/2011,0.15
2/15/2011,0.16
2/16/2011,0.15
2/17/2011,0.15
2/18/2011,0.15
2/19/2011,0.15
2/20/2011,0.15
2/21/2011,0.15
2/22/2011,0.15
2/23/2011,0.15
2/24/2011,0.15
2/25/2011,0.15
2/26/2011,0.15
2/27/2011,0.15
2/28/2011,0.16
3/1/2011,0.15
3/2/2011,0.16
3/3/2011,0.15
3/4/2011,0.15
3/5/2011,0.15
3/6/2011,0.15
3/7/2011,0.14
3/8/2011,0.14
3/9/2011,0.14
3/10/2011,0.14
3/11/2011,0.13
3/12/2011,0.13
3/13/2011,0.13
3/14/2011,0.14
3/15/2011,0.14
3/16/2011,0.14
3/17/2011,0.14
3/18/2011,0.15
3/19/2011,0.15
3/20/2011,0.15
3/21/2011,0.14
3/22/2011,0.14
3/23/2011,0.14
3/24/2011,0.13
3/25/2011,0.13
3/26/2011,0.13
3/27/2011,0.13
3/28/2011,0.13
3/29/2011,0.13
3/30/2011,0.13
3/31/2011,0.1
4/1/2011,0.11
4/2/2011,0.11
4/3/2011,0.11
4/4/2011,0.09
4/5/2011,0.09
4/6/2011,0.1
4/7/2011,0.1
4/8/2011,0.09
4/9/2011,0.09
4/10/2011,0.09
4/11/2011,0.09
4/12/2011,0.08
4/13/2011,0.08
4/14/2011,0.09
4/15/2011,0.12
4/16/2011,0.12
4/17/2011,0.12
4/18/2011,0.1
4/19/2011,0.11
4/20/2011,0.1
4/21/2011,0.1
4/22/2011,0.1
4/23/2011,0.1
4/24/2011,0.1
4/25/2011,0.1
4/26/2011,0.09
4/27/2011,0.09
4/28/2011,0.09
4/29/2011,0.09
4/30/2011,0.09
5/1/2011,0.09
5/2/2011,0.09
5/3/2011,0.09
5/4/2011,0.09
5/5/2011,0.09
5/6/2011,0.09
5/7/2011,0.09
5/8/2011,0.09
5/9/2011,0.09
5/10/2011,0.09
5/11/2011,0.09
5/12/2011,0.09
5/13/2011,0.09
5/14/2011,0.09
5/15/2011,0.09
5/16/2011,0.1
5/17/2011,0.09
5/18/2011,0.1
5/19/2011,0.09
5/20/2011,0.1
5/21/2011,0.1
5/22/2011,0.1
5/23/2011,0.1
5/24/2011,0.1
5/25/2011,0.09
5/26/2011,0.09
5/27/2011,0.1
5/28/2011,0.1
5/29/2011,0.1
5/30/2011,0.1
5/31/2011,0.1
6/1/2011,0.1
6/2/2011,0.1
6/3/2011,0.11
6/4/2011,0.11
6/5/2011,0.11
6/6/2011,0.1
6/7/2011,0.09
6/8/2011,0.09
6/9/2011,0.09
6/10/2011,0.09
6/11/2011,0.09
6/12/2011,0.09
6/13/2011,0.1
6/14/2011,0.1
6/15/2011,0.1
6/16/2011,0.1
6/17/2011,0.1
6/18/2011,0.1
6/19/2011,0.1
6/20/2011,0.09
6/21/2011,0.09
6/22/2011,0.09
6/23/2011,0.08
6/24/2011,0.08
6/25/2011,0.08
6/26/2011,0.08
6/27/2011,0.08
6/28/2011,0.08
6/29/2011,0.07
6/30/2011,0.07
7/1/2011,0.08
7/2/2011,0.08
7/3/2011,0.08
7/4/2011,0.08
7/5/2011,0.08
7/6/2011,0.07
7/7/2011,0.07
7/8/2011,0.07
7/9/2011,0.07
7/10/2011,0.07
7/11/2011,0.07
7/12/2011,0.06
7/13/2011,0.06
7/14/2011,0.06
7/15/2011,0.06
7/16/2011,0.06
7/17/2011,0.06
7/18/2011,0.06
7/19/2011,0.06
7/20/2011,0.06
7/21/2011,0.06
7/22/2011,0.06
7/23/2011,0.06
7/24/2011,0.06
7/25/2011,0.06
7/26/2011,0.06
7/27/2011,0.07
7/28/2011,0.08
7/29/2011,0.11
7/30/2011,0.11
7/31/2011,0.11
8/1/2011,0.17
8/2/2011,0.16
8/3/2011,0.12
8/4/2011,0.09
8/5/2011,0.08
8/6/2011,0.08
8/7/2011,0.08
8/8/2011,0.11
8/9/2011,0.1
8/10/2011,0.1
8/11/2011,0.09
8/12/2011,0.1
8/13/2011,0.1
8/14/2011,0.1
8/15/2011,0.1
8/16/2011,0.09
8/17/2011,0.09
8/18/2011,0.09
8/19/2011,0.09
8/20/2011,0.09
8/21/2011,0.09
8/22/2011,0.09
8/23/2011,0.08
8/24/2011,0.08
8/25/2011,0.08
8/26/2011,0.09
8/27/2011,0.09
8/28/2011,0.09
8/29/2011,0.09
8/30/2011,0.08
8/31/2011,0.08
9/1/2011,0.08
9/2/2011,0.08
9/3/2011,0.08
9/4/2011,0.08
9/5/2011,0.08
9/6/2011,0.09
9/7/2011,0.09
9/8/2011,0.09
9/9/2011,0.09
9/10/2011,0.09
9/11/2011,0.09
9/12/2011,0.09
9/13/2011,0.09
9/14/2011,0.08
9/15/2011,0.09
9/16/2011,0.09
9/17/2011,0.09
9/18/2011,0.09
9/19/2011,0.09
9/20/2011,0.09
9/21/2011,0.08
9/22/2011,0.08
9/23/2011,0.08
9/24/2011,0.08
9/25/2011,0.08
9/26/2011,0.08
9/27/2011,0.08
9/28/2011,0.08
9/29/2011,0.08
9/30/2011,0.06
10/1/2011,0.06
10/2/2011,0.06
10/3/2011,0.08
10/4/2011,0.07
10/5/2011,0.07
10/6/2011,0.07
10/7/2011,0.07
10/8/2011,0.07
10/9/2011,0.07
10/10/2011,0.07
10/11/2011,0.07
10/12/2011,0.07
10/13/2011,0.07
10/14/2011,0.07
10/15/2011,0.07
10/16/2011,0.07
10/17/2011,0.07
10/18/2011,0.07
10/19/2011,0.07
10/20/2011,0.07
10/21/2011,0.07
10/22/2011,0.07
10/23/2011,0.07
10/24/2011,0.07
10/25/2011,0.07
10/26/2011,0.08
10/27/2011,0.07
10/28/2011,0.07
10/29/2011,0.07
10/30/2011,0.07
10/31/2011,0.09
11/1/2011,0.08
11/2/2011,0.08
11/3/2011,0.09
11/4/2011,0.08
11/5/2011,0.08
11/6/2011,0.08
11/7/2011,0.08
11/8/2011,0.08
11/9/2011,0.08
11/10/2011,0.08
11/11/2011,0.08
11/12/2011,0.08
11/13/2011,0.08
11/14/2011,0.08
11/15/2011,0.09
11/16/2011,0.08
11/17/2011,0.08
11/18/2011,0.08
11/19/2011,0.08
11/20/2011,0.08
11/21/2011,0.08
11/22/2011,0.08
11/23/2011,0.09
11/24/2011,0.09
11/25/2011,0.07
11/26/2011,0.07
11/27/2011,0.07
11/28/2011,0.08
11/29/2011,0.08
11/30/2011,0.1
12/1/2011,0.08
12/2/2011,0.08
12/3/2011,0.08
12/4/2011,0.08
12/5/2011,0.08
12/6/2011,0.08
12/7/2011,0.08
12/8/2011,0.07
12/9/2011,0.07
12/10/2011,0.07
12/11/2011,0.07
12/12/2011,0.07
12/13/2011,0.07
12/14/2011,0.07
12/15/2011,0.07
12/16/2011,0.07
12/17/2011,0.07
12/18/2011,0.07
12/19/2011,0.07
12/20/2011,0.07
12/21/2011,0.07
12/22/2011,0.07
12/23/2011,0.08
12/24/2011,0.08
12/25/2011,0.08
12/26/2011,0.08
12/27/2011,0.07
12/28/2011,0.07
12/29/2011,0.07
12/30/2011,0.04
12/31/2011,0.04
1/1/2012,0.04
1/2/2012,0.04
1/3/2012,0.07
1/4/2012,0.07
1/5/2012,0.07
1/6/2012,0.07
1/7/2012,0.07
1/8/2012,0.07
1/9/2012,0.08
1/10/2012,0.08
1/11/2012,0.08
1/12/2012,0.08
1/13/2012,0.09
1/14/2012,0.09
1/15/2012,0.09
1/16/2012,0.09
1/17/2012,0.09
1/18/2012,0.09
1/19/2012,0.1
1/20/2012,0.09
1/21/2012,0.09
1/22/2012,0.09
1/23/2012,0.09
1/24/2012,0.09
1/25/2012,0.08
1/26/2012,0.08
1/27/2012,0.09
1/28/2012,0.09
1/29/2012,0.09
1/30/2012,0.09
1/31/2012,0.11
2/1/2012,0.11
2/2/2012,0.11
2/3/2012,0.11
2/4/2012,0.11
2/5/2012,0.11
2/6/2012,0.11
2/7/2012,0.11
2/8/2012,0.11
2/9/2012,0.11
2/10/2012,0.12
2/11/2012,0.12
2/12/2012,0.12
2/13/2012,0.12
2/14/2012,0.12
2/15/2012,0.12
2/16/2012,0.11
2/17/2012,0.09
2/18/2012,0.09
2/19/2012,0.09
2/20/2012,0.09
2/21/2012,0.1
2/22/2012,0.08
2/23/2012,0.08
2/24/2012,0.09
2/25/2012,0.09
2/26/2012,0.09
2/27/2012,0.1
2/28/2012,0.1
2/29/2012,0.1
3/1/2012,0.11
3/2/2012,0.11
3/3/2012,0.11
3/4/2012,0.11
3/5/2012,0.11
3/6/2012,0.11
3/7/2012,0.11
3/8/2012,0.11
3/9/2012,0.12
3/10/2012,0.12
3/11/2012,0.12
3/12/2012,0.12
3/13/2012,0.12
3/14/2012,0.13
3/15/2012,0.14
3/16/2012,0.15
3/17/2012,0.15
3/18/2012,0.15
3/19/2012,0.15
3/20/2012,0.15
3/21/2012,0.15
3/22/2012,0.14
3/23/2012,0.14
3/24/2012,0.14
3/25/2012,0.14
3/26/2012,0.14
3/27/2012,0.14
3/28/2012,0.13
3/29/2012,0.13
3/30/2012,0.09
3/31/2012,0.09
4/1/2012,0.09
4/2/2012,0.15
4/3/2012,0.15
4/4/2012,0.15
4/5/2012,0.15
4/6/2012,0.12
4/7/2012,0.12
4/8/2012,0.12
4/9/2012,0.16
4/10/2012,0.15
4/11/2012,0.16
4/12/2012,0.15
4/13/2012,0.15
4/14/2012,0.15
4/15/2012,0.15
4/16/2012,0.15
4/17/2012,0.16
4/18/2012,0.15
4/19/2012,0.13
4/20/2012,0.12
4/21/2012,0.12
4/22/2012,0.12
4/23/2012,0.13
4/24/2012,0.14
4/25/2012,0.15
4/26/2012,0.14
4/27/2012,0.13
4/28/2012,0.13
4/29/2012,0.13
4/30/2012,0.16
5/1/2012,0.16
5/2/2012,0.15
5/3/2012,0.15
5/4/2012,0.16
5/5/2012,0.16
5/6/2012,0.16
5/7/2012,0.16
5/8/2012,0.16
5/9/2012,0.15
5/10/2012,0.15
5/11/2012,0.15
5/12/2012,0.15
5/13/2012,0.15
5/14/2012,0.16
5/15/2012,0.16
5/16/2012,0.16
5/17/2012,0.16
5/18/2012,0.16
5/19/2012,0.16
5/20/2012,0.16
5/21/2012,0.16
5/22/2012,0.16
5/23/2012,0.15
5/24/2012,0.15
5/25/2012,0.15
5/26/2012,0.15
5/27/2012,0.15
5/28/2012,0.15
5/29/2012,0.16
5/30/2012,0.16
5/31/2012,0.16
6/1/2012,0.16
6/2/2012,0.16
6/3/2012,0.16
6/4/2012,0.17
6/5/2012,0.17
6/6/2012,0.16
6/7/2012,0.16
6/8/2012,0.17
6/9/2012,0.17
6/10/2012,0.17
6/11/2012,0.17
6/12/2012,0.16
6/13/2012,0.17
6/14/2012,0.17
6/15/2012,0.18
6/16/2012,0.18
6/17/2012,0.18
6/18/2012,0.17
6/19/2012,0.17
6/20/2012,0.16
6/21/2012,0.17
6/22/2012,0.17
6/23/2012,0.17
6/24/2012,0.17
6/25/2012,0.17
6/26/2012,0.16
6/27/2012,0.15
6/28/2012,0.15
6/29/2012,0.09
6/30/2012,0.09
7/1/2012,0.09
7/2/2012,0.18
7/3/2012,0.17
7/4/2012,0.17
7/5/2012,0.17
7/6/2012,0.17
7/7/2012,0.17
7/8/2012,0.17
7/9/2012,0.17
7/10/2012,0.17
7/11/2012,0.17
7/12/2012,0.18
7/13/2012,0.19
7/14/2012,0.19
7/15/2012,0.19
7/16/2012,0.18
7/17/2012,0.17
7/18/2012,0.16
7/19/2012,0.13
7/20/2012,0.13
7/21/2012,0.13
7/22/2012,0.13
7/23/2012,0.14
7/24/2012,0.15
7/25/2012,0.15
7/26/2012,0.14
7/27/2012,0.14
7/28/2012,0.14
7/29/2012,0.14
7/30/2012,0.14
7/31/2012,0.13
8/1/2012,0.14
8/2/2012,0.14
8/3/2012,0.14
8/4/2012,0.14
8/5/2012,0.14
8/6/2012,0.14
8/7/2012,0.13
8/8/2012,0.13
8/9/2012,0.13
8/10/2012,0.13
8/11/2012,0.13
8/12/2012,0.13
8/13/2012,0.13
8/14/2012,0.13
8/15/2012,0.13
8/16/2012,0.13
8/17/2012,0.13
8/18/2012,0.13
8/19/2012,0.13
8/20/2012,0.13
8/21/2012,0.13
8/22/2012,0.13
8/23/2012,0.13
8/24/2012,0.13
8/25/2012,0.13
8/26/2012,0.13
8/27/2012,0.13
8/28/2012,0.13
8/29/2012,0.13
8/30/2012,0.14
8/31/2012,0.13
9/1/2012,0.13
9/2/2012,0.13
9/3/2012,0.13
9/4/2012,0.14
9/5/2012,0.16
9/6/2012,0.16
9/7/2012,0.15
9/8/2012,0.15
9/9/2012,0.15
9/10/2012,0.15
9/11/2012,0.15
9/12/2012,0.15
9/13/2012,0.15
9/14/2012,0.16
9/15/2012,0.16
9/16/2012,0.16
9/17/2012,0.16
9/18/2012,0.16
9/19/2012,0.15
9/20/2012,0.16
9/21/2012,0.15
9/22/2012,0.15
9/23/2012,0.15
9/24/2012,0.16
9/25/2012,0.15
9/26/2012,0.15
9/27/2012,0.14
9/28/2012,0.09
9/29/2012,0.09
9/30/2012,0.09
10/1/2012,0.15
10/2/2012,0.16
10/3/2012,0.16
10/4/2012,0.15
10/5/2012,0.15
10/6/2012,0.15
10/7/2012,0.15
10/8/2012,0.15
10/9/2012,0.16
10/10/2012,0.16
10/11/2012,0.16
10/12/2012,0.16
10/13/2012,0.16
10/14/2012,0.16
10/15/2012,0.16
10/16/2012,0.16
10/17/2012,0.15
10/18/2012,0.15
10/19/2012,0.16
10/20/2012,0.16
10/21/2012,0.16
10/22/2012,0.15
10/23/2012,0.15
10/24/2012,0.17
10/25/2012,0.16
10/26/2012,0.16
10/27/2012,0.16
10/28/2012,0.16
10/29/2012,0.17
10/30/2012,0.17
10/31/2012,0.18
11/1/2012,0.17
11/2/2012,0.16
11/3/2012,0.16
11/4/2012,0.16
11/5/2012,0.17
11/6/2012,0.16
11/7/2012,0.16
11/8/2012,0.16
11/9/2012,0.16
11/10/2012,0.16
11/11/2012,0.16
11/12/2012,0.16
11/13/2012,0.16
11/14/2012,0.16
11/15/2012,0.16
11/16/2012,0.16
11/17/2012,0.16
11/18/2012,0.16
11/19/2012,0.16
11/20/2012,0.16
11/21/2012,0.16
11/22/2012,0.16
11/23/2012,0.16
11/24/2012,0.16
11/25/2012,0.16
11/26/2012,0.16
11/27/2012,0.16
11/28/2012,0.16
11/29/2012,0.16
11/30/2012,0.16
12/1/2012,0.16
12/2/2012,0.16
12/3/2012,0.16
12/4/2012,0.17
12/5/2012,0.16
12/6/2012,0.16
12/7/2012,0.16
12/8/2012,0.16
12/9/2012,0.16
12/10/2012,0.16
12/11/2012,0.17
12/12/2012,0.17
12/13/2012,0.16
12/14/2012,0.17
12/15/2012,0.17
12/16/2012,0.17
12/17/2012,0.16
12/18/2012,0.17
12/19/2012,0.17
12/20/2012,0.17
12/21/2012,0.17
12/22/2012,0.17
12/23/2012,0.17
12/24/2012,0.18
12/25/2012,0.18
12/26/2012,0.17
12/27/2012,0.17
12/28/2012,0.17
12/29/2012,0.17
12/30/2012,0.17
12/31/2012,0.09
1/1/2013,0.09
1/2/2013,0.17
1/3/2013,0.17
1/4/2013,0.16
1/5/2013,0.16
1/6/2013,0.16
1/7/2013,0.16
1/8/2013,0.15
1/9/2013,0.14
1/10/2013,0.14
1/11/2013,0.14
1/12/2013,0.14
1/13/2013,0.14
1/14/2013,0.14
1/15/2013,0.15
1/16/2013,0.14
1/17/2013,0.14
1/18/2013,0.14
1/19/2013,0.14
1/20/2013,0.14
1/21/2013,0.14
1/22/2013,0.14
1/23/2013,0.13
1/24/2013,0.15
1/25/2013,0.14
1/26/2013,0.14
1/27/2013,0.14
1/28/2013,0.14
1/29/2013,0.12
1/30/2013,0.12
1/31/2013,0.15
2/1/2013,0.14
2/2/2013,0.14
2/3/2013,0.14
2/4/2013,0.13
2/5/2013,0.13
2/6/2013,0.13
2/7/2013,0.13
2/8/2013,0.14
2/9/2013,0.14
2/10/2013,0.14
2/11/2013,0.14
2/12/2013,0.13
2/13/2013,0.14
2/14/2013,0.14
2/15/2013,0.16
2/16/2013,0.16
2/17/2013,0.16
2/18/2013,0.16
2/19/2013,0.15
2/20/2013,0.15
2/21/2013,0.16
2/22/2013,0.16
2/23/2013,0.16
2/24/2013,0.16
2/25/2013,0.15
2/26/2013,0.14
2/27/2013,0.14
2/28/2013,0.14
3/1/2013,0.14
3/2/2013,0.14
3/3/2013,0.14
3/4/2013,0.16
3/5/2013,0.15
3/6/2013,0.15
3/7/2013,0.16
3/8/2013,0.15
3/9/2013,0.15
3/10/2013,0.15
3/11/2013,0.16
3/12/2013,0.15
3/13/2013,0.14
3/14/2013,0.15
3/15/2013,0.16
3/16/2013,0.16
3/17/2013,0.16
3/18/2013,0.16
3/19/2013,0.15
3/20/2013,0.15
3/21/2013,0.16
3/22/2013,0.15
3/23/2013,0.15
3/24/2013,0.15
3/25/2013,0.15
3/26/2013,0.14
3/27/2013,0.12
3/28/2013,0.13
3/29/2013,0.09
3/30/2013,0.09
3/31/2013,0.09
4/1/2013,0.16
4/2/2013,0.15
4/3/2013,0.14
4/4/2013,0.14
4/5/2013,0.15
4/6/2013,0.15
4/7/2013,0.15
4/8/2013,0.15
4/9/2013,0.15
4/10/2013,0.15
4/11/2013,0.15
4/12/2013,0.15
4/13/2013,0.15
4/14/2013,0.15
4/15/2013,0.15
4/16/2013,0.15
4/17/2013,0.15
4/18/2013,0.15
4/19/2013,0.15
4/20/2013,0.15
4/21/2013,0.15
4/22/2013,0.15
4/23/2013,0.14
4/24/2013,0.13
4/25/2013,0.13
4/26/2013,0.13
4/27/2013,0.13
4/28/2013,0.13
4/29/2013,0.13
4/30/2013,0.14
5/1/2013,0.14
5/2/2013,0.15
5/3/2013,0.14
5/4/2013,0.14
5/5/2013,0.14
5/6/2013,0.14
5/7/2013,0.12
5/8/2013,0.12
5/9/2013,0.12
5/10/2013,0.12
5/11/2013,0.12
5/12/2013,0.12
5/13/2013,0.12
5/14/2013,0.11
5/15/2013,0.12
5/16/2013,0.11
5/17/2013,0.1
5/18/2013,0.1
5/19/2013,0.1
5/20/2013,0.1
5/21/2013,0.09
5/22/2013,0.08
5/23/2013,0.08
5/24/2013,0.09
5/25/2013,0.09
5/26/2013,0.09
5/27/2013,0.09
5/28/2013,0.09
5/29/2013,0.08
5/30/2013,0.08
5/31/2013,0.09
6/1/2013,0.09
6/2/2013,0.09
6/3/2013,0.1
6/4/2013,0.11
6/5/2013,0.09
6/6/2013,0.1
6/7/2013,0.09
6/8/2013,0.09
6/9/2013,0.09
6/10/2013,0.09
6/11/2013,0.09
6/12/2013,0.08
6/13/2013,0.09
6/14/2013,0.1
6/15/2013,0.1
6/16/2013,0.1
6/17/2013,0.11
6/18/2013,0.12
6/19/2013,0.1
6/20/2013,0.1
6/21/2013,0.1
6/22/2013,0.1
6/23/2013,0.1
6/24/2013,0.1
6/25/2013,0.09
6/26/2013,0.09
6/27/2013,0.09
6/28/2013,0.07
6/29/2013,0.07
6/30/2013,0.07
7/1/2013,0.1
7/2/2013,0.1
7/3/2013,0.1
7/4/2013,0.1
7/5/2013,0.1
7/6/2013,0.1
7/7/2013,0.1
7/8/2013,0.1
7/9/2013,0.1
7/10/2013,0.09
7/11/2013,0.09
7/12/2013,0.09
7/13/2013,0.09
7/14/2013,0.09
7/15/2013,0.09
7/16/2013,0.09
7/17/2013,0.09
7/18/2013,0.09
7/19/2013,0.09
7/20/2013,0.09
7/21/2013,0.09
7/22/2013,0.09
7/23/2013,0.09
7/24/2013,0.09
7/25/2013,0.09
7/26/2013,0.09
7/27/2013,0.09
7/28/2013,0.09
7/29/2013,0.08
7/30/2013,0.09
7/31/2013,0.09
8/1/2013,0.08
8/2/2013,0.09
8/3/2013,0.09
8/4/2013,0.09
8/5/2013,0.08
8/6/2013,0.09
8/7/2013,0.09
8/8/2013,0.09
8/9/2013,0.08
8/10/2013,0.08
8/11/2013,0.08
8/12/2013,0.08
8/13/2013,0.08
8/14/2013,0.09
8/15/2013,0.08
8/16/2013,0.09
8/17/2013,0.09
8/18/2013,0.09
8/19/2013,0.09
8/20/2013,0.09
8/21/2013,0.08
8/22/2013,0.09
8/23/2013,0.08
8/24/2013,0.08
8/25/2013,0.08
8/26/2013,0.08
8/27/2013,0.07
8/28/2013,0.07
8/29/2013,0.08
8/30/2013,0.07
8/31/2013,0.07
9/1/2013,0.07
9/2/2013,0.07
9/3/2013,0.09
9/4/2013,0.08
9/5/2013,0.08
9/6/2013,0.08
9/7/2013,0.08
9/8/2013,0.08
9/9/2013,0.08
9/10/2013,0.08
9/11/2013,0.08
9/12/2013,0.08
9/13/2013,0.08
9/14/2013,0.08
9/15/2013,0.08
9/16/2013,0.08
9/17/2013,0.08
9/18/2013,0.08
9/19/2013,0.09
9/20/2013,0.08
9/21/2013,0.08
9/22/2013,0.08
9/23/2013,0.09
9/24/2013,0.09
9/25/2013,0.08
9/26/2013,0.08
9/27/2013,0.08
9/28/2013,0.08
9/29/2013,0.08
9/30/2013,0.06
10/1/2013,0.08
10/2/2013,0.07
10/3/2013,0.08
10/4/2013,0.08
10/5/2013,0.08
10/6/2013,0.08
10/7/2013,0.08
10/8/2013,0.08
10/9/2013,0.09
10/10/2013,0.09
10/11/2013,0.1
10/12/2013,0.1
10/13/2013,0.1
10/14/2013,0.1
10/15/2013,0.1
10/16/2013,0.11
10/17/2013,0.1
10/18/2013,0.1
10/19/2013,0.1
10/20/2013,0.1
10/21/2013,0.09
10/22/2013,0.08
10/23/2013,0.08
10/24/2013,0.08
10/25/2013,0.08
10/26/2013,0.08
10/27/2013,0.08
10/28/2013,0.08
10/29/2013,0.08
10/30/2013,0.08
10/31/2013,0.07
11/1/2013,0.08
11/2/2013,0.08
11/3/2013,0.08
11/4/2013,0.08
11/5/2013,0.08
11/6/2013,0.08
11/7/2013,0.08
11/8/2013,0.08
11/9/2013,0.08
11/10/2013,0.08
11/11/2013,0.08
11/12/2013,0.08
11/13/2013,0.08
11/14/2013,0.09
11/15/2013,0.09
11/16/2013,0.09
11/17/2013,0.09
11/18/2013,0.09
11/19/2013,0.09
11/20/2013,0.09
11/21/2013,0.09
11/22/2013,0.09
11/23/2013,0.09
11/24/2013,0.09
11/25/2013,0.09
11/26/2013,0.09
11/27/2013,0.09
11/28/2013,0.09
11/29/2013,0.07
11/30/2013,0.07
12/1/2013,0.07
12/2/2013,0.09
12/3/2013,0.09
12/4/2013,0.09
12/5/2013,0.09
12/6/2013,0.09
12/7/2013,0.09
12/8/2013,0.09
12/9/2013,0.09
12/10/2013,0.09
12/11/2013,0.08
12/12/2013,0.09
12/13/2013,0.08
12/14/2013,0.08
12/15/2013,0.08
12/16/2013,0.09
12/17/2013,0.09
12/18/2013,0.09
12/19/2013,0.09
12/20/2013,0.09
12/21/2013,0.09
12/22/2013,0.09
12/23/2013,0.09
12/24/2013,0.08
12/25/2013,0.08
12/26/2013,0.08
12/27/2013,0.08
12/28/2013,0.08
12/29/2013,0.08
12/30/2013,0.08
12/31/2013,0.07
1/1/2014,0.07
1/2/2014,0.08
1/3/2014,0.08
1/4/2014,0.08
1/5/2014,0.08
1/6/2014,0.08
1/7/2014,0.07
1/8/2014,0.07
1/9/2014,0.07
1/10/2014,0.07
1/11/2014,0.07
1/12/2014,0.07
1/13/2014,0.07
1/14/2014,0.07
1/15/2014,0.07
1/16/2014,0.07
1/17/2014,0.07
1/18/2014,0.07
1/19/2014,0.07
1/20/2014,0.07
1/21/2014,0.07
1/22/2014,0.07
1/23/2014,0.07
1/24/2014,0.07
1/25/2014,0.07
1/26/2014,0.07
1/27/2014,0.07
1/28/2014,0.07
1/29/2014,0.07
1/30/2014,0.07
1/31/2014,0.07
2/1/2014,0.07
2/2/2014,0.07
2/3/2014,0.07
2/4/2014,0.07
2/5/2014,0.07
2/6/2014,0.07
2/7/2014,0.06
2/8/2014,0.06
2/9/2014,0.06
2/10/2014,0.07
2/11/2014,0.06
2/12/2014,0.07
2/13/2014,0.06
2/14/2014,0.06
2/15/2014,0.06
2/16/2014,0.06
2/17/2014,0.06
2/18/2014,0.07
2/19/2014,0.07
2/20/2014,0.07
2/21/2014,0.07
2/22/2014,0.07
2/23/2014,0.07
2/24/2014,0.07
2/25/2014,0.07
2/26/2014,0.07
2/27/2014,0.07
2/28/2014,0.06
3/1/2014,0.06
3/2/2014,0.06
3/3/2014,0.07
3/4/2014,0.07
3/5/2014,0.08
3/6/2014,0.08
3/7/2014,0.08
3/8/2014,0.08
3/9/2014,0.08
3/10/2014,0.08
3/11/2014,0.08
3/12/2014,0.08
3/13/2014,0.08
3/14/2014,0.08
3/15/2014,0.08
3/16/2014,0.08
3/17/2014,0.08
3/18/2014,0.08
3/19/2014,0.08
3/20/2014,0.08
3/21/2014,0.08
3/22/2014,0.08
3/23/2014,0.08
3/24/2014,0.09
3/25/2014,0.09
3/26/2014,0.08
3/27/2014,0.08
3/28/2014,0.08
3/29/2014,0.08
3/30/2014,0.08
3/31/2014,0.06
4/1/2014,0.08
4/2/2014,0.09
4/3/2014,0.08
4/4/2014,0.08
4/5/2014,0.08
4/6/2014,0.08
4/7/2014,0.09
4/8/2014,0.08
4/9/2014,0.08
4/10/2014,0.08
4/11/2014,0.09
4/12/2014,0.09
4/13/2014,0.09
4/14/2014,0.09
4/15/2014,0.1
4/16/2014,0.09
4/17/2014,0.09
4/18/2014,0.1
4/19/2014,0.1
4/20/2014,0.1
4/21/2014,0.1
4/22/2014,0.1
4/23/2014,0.1
4/24/2014,0.1
4/25/2014,0.09
4/26/2014,0.09
4/27/2014,0.09
4/28/2014,0.09
4/29/2014,0.1
4/30/2014,0.09
5/1/2014,0.09
5/2/2014,0.09
5/3/2014,0.09
5/4/2014,0.09
5/5/2014,0.09
5/6/2014,0.09
5/7/2014,0.08
5/8/2014,0.08
5/9/2014,0.08
5/10/2014,0.08
5/11/2014,0.08
5/12/2014,0.08
5/13/2014,0.09
5/14/2014,0.08
5/15/2014,0.09
5/16/2014,0.09
5/17/2014,0.09
5/18/2014,0.09
5/19/2014,0.09
5/20/2014,0.09
5/21/2014,0.09
5/22/2014,0.09
5/23/2014,0.09
5/24/2014,0.09
5/25/2014,0.09
5/26/2014,0.09
5/27/2014,0.09
5/28/2014,0.09
5/29/2014,0.09
5/30/2014,0.08
5/31/2014,0.08
6/1/2014,0.08
6/2/2014,0.09
6/3/2014,0.1
6/4/2014,0.09
6/5/2014,0.09
6/6/2014,0.09
6/7/2014,0.09
6/8/2014,0.09
6/9/2014,0.09
6/10/2014,0.09
6/11/2014,0.09
6/12/2014,0.09
6/13/2014,0.1
6/14/2014,0.1
6/15/2014,0.1
6/16/2014,0.1
6/17/2014,0.1
6/18/2014,0.1
6/19/2014,0.1
6/20/2014,0.1
6/21/2014,0.1
6/22/2014,0.1
6/23/2014,0.1
6/24/2014,0.1
6/25/2014,0.1
6/26/2014,0.1
6/27/2014,0.1
6/28/2014,0.1
6/29/2014,0.1
6/30/2014,0.09
7/1/2014,0.1
7/2/2014,0.1
7/3/2014,0.09
7/4/2014,0.09
7/5/2014,0.09
7/6/2014,0.09
7/7/2014,0.1
7/8/2014,0.09
7/9/2014,0.09
7/10/2014,0.09
7/11/2014,0.09
7/12/2014,0.09
7/13/2014,0.09
7/14/2014,0.09
7/15/2014,0.09
7/16/2014,0.09
7/17/2014,0.09
7/18/2014,0.09
7/19/2014,0.09
7/20/2014,0.09
7/21/2014,0.1
7/22/2014,0.09
7/23/2014,0.09
7/24/2014,0.09
7/25/2014,0.09
7/26/2014,0.09
7/27/2014,0.09
7/28/2014,0.09
7/29/2014,0.09
7/30/2014,0.09
7/31/2014,0.08
8/1/2014,0.09
8/2/2014,0.09
8/3/2014,0.09
8/4/2014,0.09
8/5/2014,0.09
8/6/2014,0.09
8/7/2014,0.09
8/8/2014,0.09
8/9/2014,0.09
8/10/2014,0.09
8/11/2014,0.09
8/12/2014,0.09
8/13/2014,0.09
8/14/2014,0.09
8/15/2014,0.09
8/16/2014,0.09
8/17/2014,0.09
8/18/2014,0.09
8/19/2014,0.09
8/20/2014,0.09
8/21/2014,0.09
8/22/2014,0.09
8/23/2014,0.09
8/24/2014,0.09
8/25/2014,0.09
8/26/2014,0.09
8/27/2014,0.09
8/28/2014,0.09
8/29/2014,0.07
8/30/2014,0.07
8/31/2014,0.07
9/1/2014,0.07
9/2/2014,0.09
9/3/2014,0.09
9/4/2014,0.09
9/5/2014,0.09
9/6/2014,0.09
9/7/2014,0.09
9/8/2014,0.09
9/9/2014,0.09
9/10/2014,0.09
9/11/2014,0.09
9/12/2014,0.09
9/13/2014,0.09
9/14/2014,0.09
9/15/2014,0.09
9/16/2014,0.09
9/17/2014,0.09
9/18/2014,0.09
9/19/2014,0.09
9/20/2014,0.09
9/21/2014,0.09
9/22/2014,0.09
9/23/2014,0.09
9/24/2014,0.09
9/25/2014,0.09
9/26/2014,0.09
9/27/2014,0.09
9/28/2014,0.09
9/29/2014,0.08
9/30/2014,0.07
10/1/2014,0.09
10/2/2014,0.09
10/3/2014,0.09
10/4/2014,0.09
10/5/2014,0.09
10/6/2014,0.09
10/7/2014,0.09
10/8/2014,0.09
10/9/2014,0.08
10/10/2014,0.09
10/11/2014,0.09
10/12/2014,0.09
10/13/2014,0.09
10/14/2014,0.09
10/15/2014,0.09
10/16/2014,0.09
10/17/2014,0.09
10/18/2014,0.09
10/19/2014,0.09
10/20/2014,0.09
10/21/2014,0.09
10/22/2014,0.09
10/23/2014,0.09
10/24/2014,0.09
10/25/2014,0.09
10/26/2014,0.09
10/27/2014,0.09
10/28/2014,0.09
10/29/2014,0.09
10/30/2014,0.09
10/31/2014,0.07
11/1/2014,0.07
11/2/2014,0.07
11/3/2014,0.09
11/4/2014,0.1
11/5/2014,0.09
11/6/2014,0.09
11/7/2014,0.09
11/8/2014,0.09
11/9/2014,0.09
11/10/2014,0.09
11/11/2014,0.09
11/12/2014,0.09
11/13/2014,0.09
11/14/2014,0.09
11/15/2014,0.09
11/16/2014,0.09
11/17/2014,0.1
11/18/2014,0.11
11/19/2014,0.1
11/20/2014,0.1
11/21/2014,0.1
11/22/2014,0.1
11/23/2014,0.1
11/24/2014,0.1
11/25/2014,0.1
11/26/2014,0.1
11/27/2014,0.1
11/28/2014,0.08
11/29/2014,0.08
11/30/2014,0.08
12/1/2014,0.13
12/2/2014,0.12
12/3/2014,0.12
12/4/2014,0.12
12/5/2014,0.12
12/6/2014,0.12
12/7/2014,0.12
12/8/2014,0.12
12/9/2014,0.12
12/10/2014,0.12
12/11/2014,0.12
12/12/2014,0.12
12/13/2014,0.12
12/14/2014,0.12
12/15/2014,0.11
12/16/2014,0.12
12/17/2014,0.13
12/18/2014,0.13
12/19/2014,0.13
12/20/2014,0.13
12/21/2014,0.13
12/22/2014,0.13
12/23/2014,0.13
12/24/2014,0.13
12/25/2014,0.13
12/26/2014,0.13
12/27/2014,0.13
12/28/2014,0.13
12/29/2014,0.13
12/30/2014,0.13
12/31/2014,0.06
1/1/2015,0.06
1/2/2015,0.12
1/3/2015,0.12
1/4/2015,0.12
1/5/2015,0.12
1/6/2015,0.12
1/7/2015,0.12
1/8/2015,0.12
1/9/2015,0.12
1/10/2015,0.12
1/11/2015,0.12
1/12/2015,0.12
1/13/2015,0.12
1/14/2015,0.12
1/15/2015,0.12
1/16/2015,0.13
1/17/2015,0.13
1/18/2015,0.13
1/19/2015,0.13
1/20/2015,0.12
1/21/2015,0.12
1/22/2015,0.12
1/23/2015,0.12
1/24/2015,0.12
1/25/2015,0.12
1/26/2015,0.12
1/27/2015,0.11
1/28/2015,0.12
1/29/2015,0.11
1/30/2015,0.06
1/31/2015,0.06
2/1/2015,0.06
2/2/2015,0.12
2/3/2015,0.12
2/4/2015,0.11
2/5/2015,0.12
2/6/2015,0.11
2/7/2015,0.11
2/8/2015,0.11
2/9/2015,0.12
2/10/2015,0.12
2/11/2015,0.12
2/12/2015,0.12
2/13/2015,0.12
2/14/2015,0.12
2/15/2015,0.12
2/16/2015,0.12
2/17/2015,0.12
2/18/2015,0.12
2/19/2015,0.12
2/20/2015,0.12
2/21/2015,0.12
2/22/2015,0.12
2/23/2015,0.11
2/24/2015,0.11
2/25/2015,0.11
2/26/2015,0.11
2/27/2015,0.06
2/28/2015,0.06
3/1/2015,0.06
3/2/2015,0.12
3/3/2015,0.12
3/4/2015,0.11
3/5/2015,0.11
3/6/2015,0.12
3/7/2015,0.12
3/8/2015,0.12
3/9/2015,0.12
3/10/2015,0.12
3/11/2015,0.11
3/12/2015,0.11
3/13/2015,0.11
3/14/2015,0.11
3/15/2015,0.11
3/16/2015,0.12
3/17/2015,0.12
3/18/2015,0.11
3/19/2015,0.12
3/20/2015,0.12
3/21/2015,0.12
3/22/2015,0.12
3/23/2015,0.12
3/24/2015,0.11
3/25/2015,0.12
3/26/2015,0.11
3/27/2015,0.12
3/28/2015,0.12
3/29/2015,0.12
3/30/2015,0.12
3/31/2015,0.06
4/1/2015,0.12
4/2/2015,0.12
4/3/2015,0.12
4/4/2015,0.12
4/5/2015,0.12
4/6/2015,0.13
4/7/2015,0.12
4/8/2015,0.12
4/9/2015,0.12
4/10/2015,0.12
4/11/2015,0.12
4/12/2015,0.12
4/13/2015,0.13
4/14/2015,0.13
4/15/2015,0.13
4/16/2015,0.13
4/17/2015,0.13
4/18/2015,0.13
4/19/2015,0.13
4/20/2015,0.13
4/21/2015,0.13
4/22/2015,0.13
4/23/2015,0.13
4/24/2015,0.13
4/25/2015,0.13
4/26/2015,0.13
4/27/2015,0.13
4/28/2015,0.13
4/29/2015,0.13
4/30/2015,0.08
5/1/2015,0.13
5/2/2015,0.13
5/3/2015,0.13
5/4/2015,0.13
5/5/2015,0.13
5/6/2015,0.13
5/7/2015,0.13
5/8/2015,0.13
5/9/2015,0.13
5/10/2015,0.13
5/11/2015,0.13
5/12/2015,0.13
5/13/2015,0.13
5/14/2015,0.13
5/15/2015,0.13
5/16/2015,0.13
5/17/2015,0.13
5/18/2015,0.13
5/19/2015,0.12
5/20/2015,0.12
5/21/2015,0.12
5/22/2015,0.13
5/23/2015,0.13
5/24/2015,0.13
5/25/2015,0.13
5/26/2015,0.12
5/27/2015,0.12
5/28/2015,0.12
5/29/2015,0.08
5/30/2015,0.08
5/31/2015,0.08
6/1/2015,0.12
6/2/2015,0.12
6/3/2015,0.13
6/4/2015,0.13
6/5/2015,0.13
6/6/2015,0.13
6/7/2015,0.13
6/8/2015,0.13
6/9/2015,0.13
6/10/2015,0.13
6/11/2015,0.13
6/12/2015,0.13
6/13/2015,0.13
6/14/2015,0.13
6/15/2015,0.13
6/16/2015,0.14
6/17/2015,0.14
6/18/2015,0.14
6/19/2015,0.13
6/20/2015,0.13
6/21/2015,0.13
6/22/2015,0.13
6/23/2015,0.13
6/24/2015,0.13
6/25/2015,0.13
6/26/2015,0.13
6/27/2015,0.13
6/28/2015,0.13
6/29/2015,0.14
6/30/2015,0.08
7/1/2015,0.13
7/2/2015,0.13
7/3/2015,0.13
7/4/2015,0.13
7/5/2015,0.13
7/6/2015,0.13
7/7/2015,0.13
7/8/2015,0.13
7/9/2015,0.13
7/10/2015,0.13
7/11/2015,0.13
7/12/2015,0.13
7/13/2015,0.13
7/14/2015,0.13
7/15/2015,0.13
7/16/2015,0.14
7/17/2015,0.13
7/18/2015,0.13
7/19/2015,0.13
7/20/2015,0.14
7/21/2015,0.13
7/22/2015,0.13
7/23/2015,0.13
7/24/2015,0.13
7/25/2015,0.13
7/26/2015,0.13
7/27/2015,0.14
7/28/2015,0.14
7/29/2015,0.14
7/30/2015,0.14
7/31/2015,0.08
8/1/2015,0.08
8/2/2015,0.08
8/3/2015,0.14
8/4/2015,0.14
8/5/2015,0.14
8/6/2015,0.14
8/7/2015,0.14
8/8/2015,0.14
8/9/2015,0.14
8/10/2015,0.14
8/11/2015,0.15
8/12/2015,0.15
8/13/2015,0.15
8/14/2015,0.14
8/15/2015,0.14
8/16/2015,0.14
8/17/2015,0.15
8/18/2015,0.15
8/19/2015,0.15
8/20/2015,0.15
8/21/2015,0.15
8/22/2015,0.15
8/23/2015,0.15
8/24/2015,0.15
8/25/2015,0.15
8/26/2015,0.14
8/27/2015,0.14
8/28/2015,0.14
8/29/2015,0.14
8/30/2015,0.14
8/31/2015,0.08
9/1/2015,0.14
9/2/2015,0.14
9/3/2015,0.14
9/4/2015,0.14
9/5/2015,0.14
9/6/2015,0.14
9/7/2015,0.14
9/8/2015,0.14
9/9/2015,0.14
9/10/2015,0.14
9/11/2015,0.14
9/12/2015,0.14
9/13/2015,0.14
9/14/2015,0.14
9/15/2015,0.14
9/16/2015,0.14
9/17/2015,0.14
9/18/2015,0.14
9/19/2015,0.14
9/20/2015,0.14
9/21/2015,0.14
9/22/2015,0.14
9/23/2015,0.14
9/24/2015,0.14
9/25/2015,0.13
9/26/2015,0.13
9/27/2015,0.13
9/28/2015,0.13
9/29/2015,0.13
9/30/2015,0.07
10/1/2015,0.13
10/2/2015,0.13
10/3/2015,0.13
10/4/2015,0.13
10/5/2015,0.13
10/6/2015,0.13
10/7/2015,0.13
10/8/2015,0.13
10/9/2015,0.13
10/10/2015,0.13
10/11/2015,0.13
10/12/2015,0.13
10/13/2015,0.13
10/14/2015,0.13
10/15/2015,0.13
10/16/2015,0.13
10/17/2015,0.13
10/18/2015,0.13
10/19/2015,0.13
10/20/2015,0.13
10/21/2015,0.13
10/22/2015,0.12
10/23/2015,0.12
10/24/2015,0.12
10/25/2015,0.12
10/26/2015,0.12
10/27/2015,0.12
10/28/2015,0.12
10/29/2015,0.12
10/30/2015,0.07
10/31/2015,0.07
11/1/2015,0.07
11/2/2015,0.12
11/3/2015,0.12
11/4/2015,0.12
11/5/2015,0.12
11/6/2015,0.12
11/7/2015,0.12
11/8/2015,0.12
11/9/2015,0.12
11/10/2015,0.12
11/11/2015,0.12
11/12/2015,0.12
11/13/2015,0.12
11/14/2015,0.12
11/15/2015,0.12
11/16/2015,0.13
11/17/2015,0.13
11/18/2015,0.12
11/19/2015,0.12
11/20/2015,0.12
11/21/2015,0.12
11/22/2015,0.12
11/23/2015,0.12
11/24/2015,0.12
11/25/2015,0.12
11/26/2015,0.12
11/27/2015,0.12
11/28/2015,0.12
11/29/2015,0.12
11/30/2015,0.08
12/1/2015,0.13
12/2/2015,0.13
12/3/2015,0.13
12/4/2015,0.13
12/5/2015,0.13
12/6/2015,0.13
12/7/2015,0.13
12/8/2015,0.13
12/9/2015,0.14
12/10/2015,0.14
12/11/2015,0.14
12/12/2015,0.14
12/13/2015,0.14
12/14/2015,0.15
12/15/2015,0.15
12/16/2015,0.15
12/17/2015,0.37
12/18/2015,0.37
12/19/2015,0.37
12/20/2015,0.37
12/21/2015,0.36
12/22/2015,0.36
12/23/2015,0.36
12/24/2015,0.36
12/25/2015,0.36
12/26/2015,0.36
12/27/2015,0.36
12/28/2015,0.36
12/29/2015,0.36
12/30/2015,0.35
12/31/2015,0.2
1/1/2016,0.2
1/2/2016,0.2
1/3/2016,0.2
1/4/2016,0.36
1/5/2016,0.36
1/6/2016,0.36
1/7/2016,0.36
1/8/2016,0.36
1/9/2016,0.36
1/10/2016,0.36
1/11/2016,0.36
1/12/2016,0.36
1/13/2016,0.36
1/14/2016,0.36
1/15/2016,0.36
1/16/2016,0.36
1/17/2016,0.36
1/18/2016,0.36
1/19/2016,0.36
1/20/2016,0.37
1/21/2016,0.37
1/22/2016,0.38
1/23/2016,0.38
1/24/2016,0.38
1/25/2016,0.38
1/26/2016,0.38
1/27/2016,0.38
1/28/2016,0.38
1/29/2016,0.29
1/30/2016,0.29
1/31/2016,0.29
2/1/2016,0.38
2/2/2016,0.38
2/3/2016,0.38
2/4/2016,0.38
2/5/2016,0.38
2/6/2016,0.38
2/7/2016,0.38
2/8/2016,0.38
2/9/2016,0.38
2/10/2016,0.38
2/11/2016,0.38
2/12/2016,0.38
2/13/2016,0.38
2/14/2016,0.38
2/15/2016,0.38
2/16/2016,0.38
2/17/2016,0.37
2/18/2016,0.38
2/19/2016,0.38
2/20/2016,0.38
2/21/2016,0.38
2/22/2016,0.38
2/23/2016,0.38
2/24/2016,0.38
2/25/2016,0.37
2/26/2016,0.37
2/27/2016,0.37
2/28/2016,0.37
2/29/2016,0.29
3/1/2016,0.36
3/2/2016,0.37
3/3/2016,0.37
3/4/2016,0.36
3/5/2016,0.36
3/6/2016,0.36
3/7/2016,0.36
3/8/2016,0.36
3/9/2016,0.36
3/10/2016,0.36
3/11/2016,0.36
3/12/2016,0.36
3/13/2016,0.36
3/14/2016,0.36
3/15/2016,0.37
3/16/2016,0.37
3/17/2016,0.37
3/18/2016,0.37
3/19/2016,0.37
3/20/2016,0.37
3/21/2016,0.37
3/22/2016,0.37
3/23/2016,0.37
3/24/2016,0.37
3/25/2016,0.37
3/26/2016,0.37
3/27/2016,0.37
3/28/2016,0.37
3/29/2016,0.37
3/30/2016,0.37
3/31/2016,0.25
4/1/2016,0.37
4/2/2016,0.37
4/3/2016,0.37
4/4/2016,0.37
4/5/2016,0.37
4/6/2016,0.37
4/7/2016,0.37
4/8/2016,0.37
4/9/2016,0.37
4/10/2016,0.37
4/11/2016,0.37
4/12/2016,0.37
4/13/2016,0.37
4/14/2016,0.37
4/15/2016,0.37
4/16/2016,0.37
4/17/2016,0.37
4/18/2016,0.37
4/19/2016,0.37
4/20/2016,0.37
4/21/2016,0.37
4/22/2016,0.37
4/23/2016,0.37
4/24/2016,0.37
4/25/2016,0.37
4/26/2016,0.37
4/27/2016,0.37
4/28/2016,0.37
4/29/2016,0.3
4/30/2016,0.3
5/1/2016,0.3
5/2/2016,0.37
5/3/2016,0.37
5/4/2016,0.37
5/5/2016,0.37
5/6/2016,0.37
5/7/2016,0.37
5/8/2016,0.37
5/9/2016,0.37
5/10/2016,0.37
5/11/2016,0.37
5/12/2016,0.37
5/13/2016,0.37
5/14/2016,0.37
5/15/2016,0.37
5/16/2016,0.37
5/17/2016,0.37
5/18/2016,0.37
5/19/2016,0.37
5/20/2016,0.37
5/21/2016,0.37
5/22/2016,0.37
5/23/2016,0.37
5/24/2016,0.37
5/25/2016,0.37
5/26/2016,0.37
5/27/2016,0.37
5/28/2016,0.37
5/29/2016,0.37
5/30/2016,0.37
5/31/2016,0.29
6/1/2016,0.37
6/2/2016,0.37
6/3/2016,0.37
6/4/2016,0.37
6/5/2016,0.37
6/6/2016,0.37
6/7/2016,0.37
6/8/2016,0.37
6/9/2016,0.37
6/10/2016,0.37
6/11/2016,0.37
6/12/2016,0.37
6/13/2016,0.37
6/14/2016,0.37
6/15/2016,0.37
6/16/2016,0.38
6/17/2016,0.38
6/18/2016,0.38
6/19/2016,0.38
6/20/2016,0.38
6/21/2016,0.38
6/22/2016,0.38
6/23/2016,0.39
6/24/2016,0.4
6/25/2016,0.4
6/26/2016,0.4
6/27/2016,0.41
6/28/2016,0.41
6/29/2016,0.41
6/30/2016,0.3
7/1/2016,0.41
7/2/2016,0.41
7/3/2016,0.41
7/4/2016,0.41
7/5/2016,0.4
7/6/2016,0.4
7/7/2016,0.4
7/8/2016,0.4
7/9/2016,0.4
7/10/2016,0.4
7/11/2016,0.4
7/12/2016,0.4
7/13/2016,0.4
7/14/2016,0.4
7/15/2016,0.4
7/16/2016,0.4
7/17/2016,0.4
7/18/2016,0.4
7/19/2016,0.4
7/20/2016,0.4
7/21/2016,0.4
7/22/2016,0.4
7/23/2016,0.4
7/24/2016,0.4
7/25/2016,0.4
7/26/2016,0.4
7/27/2016,0.4
7/28/2016,0.4
7/29/2016,0.3
7/30/2016,0.3
7/31/2016,0.3
8/1/2016,0.4
8/2/2016,0.4
8/3/2016,0.4
8/4/2016,0.4
8/5/2016,0.4
8/6/2016,0.4
8/7/2016,0.4
8/8/2016,0.4
8/9/2016,0.4
8/10/2016,0.4
8/11/2016,0.4
8/12/2016,0.4
8/13/2016,0.4
8/14/2016,0.4
8/15/2016,0.4
8/16/2016,0.4
8/17/2016,0.4
8/18/2016,0.4
8/19/2016,0.4
8/20/2016,0.4
8/21/2016,0.4
8/22/2016,0.4
8/23/2016,0.4
8/24/2016,0.4
8/25/2016,0.4
8/26/2016,0.4
8/27/2016,0.4
8/28/2016,0.4
8/29/2016,0.4
8/30/2016,0.4
8/31/2016,0.3
9/1/2016,0.4
9/2/2016,0.4
9/3/2016,0.4
9/4/2016,0.4
9/5/2016,0.4
9/6/2016,0.4
9/7/2016,0.4
9/8/2016,0.4
9/9/2016,0.4
9/10/2016,0.4
9/11/2016,0.4
9/12/2016,0.4
9/13/2016,0.4
9/14/2016,0.4
9/15/2016,0.4
9/16/2016,0.4
9/17/2016,0.4
9/18/2016,0.4
9/19/2016,0.4
9/20/2016,0.4
9/21/2016,0.4
9/22/2016,0.4
9/23/2016,0.4
9/24/2016,0.4
9/25/2016,0.4
9/26/2016,0.4
9/27/2016,0.4
9/28/2016,0.4
9/29/2016,0.4
9/30/2016,0.29
10/1/2016,0.29
10/2/2016,0.29
10/3/2016,0.4
10/4/2016,0.4
10/5/2016,0.4
10/6/2016,0.4
10/7/2016,0.4
10/8/2016,0.4
10/9/2016,0.4
10/10/2016,0.4
10/11/2016,0.41
10/12/2016,0.41
10/13/2016,0.41
10/14/2016,0.41
10/15/2016,0.41
10/16/2016,0.41
10/17/2016,0.41
10/18/2016,0.41
10/19/2016,0.41
10/20/2016,0.41
10/21/2016,0.41
10/22/2016,0.41
10/23/2016,0.41
10/24/2016,0.41
10/25/2016,0.41
10/26/2016,0.41
10/27/2016,0.41
10/28/2016,0.41
10/29/2016,0.41
10/30/2016,0.41
10/31/2016,0.31
11/1/2016,0.41
11/2/2016,0.41
11/3/2016,0.41
11/4/2016,0.41
11/5/2016,0.41
11/6/2016,0.41
11/7/2016,0.41
11/8/2016,0.41
11/9/2016,0.41
11/10/2016,0.41
11/11/2016,0.41
11/12/2016,0.41
11/13/2016,0.41
11/14/2016,0.41
11/15/2016,0.41
11/16/2016,0.41
11/17/2016,0.41
11/18/2016,0.41
11/19/2016,0.41
11/20/2016,0.41
11/21/2016,0.41
11/22/2016,0.41
11/23/2016,0.41
11/24/2016,0.41
11/25/2016,0.41
11/26/2016,0.41
11/27/2016,0.41
11/28/2016,0.41
11/29/2016,0.41
11/30/2016,0.31
12/1/2016,0.41
12/2/2016,0.41
12/3/2016,0.41
12/4/2016,0.41
12/5/2016,0.41
12/6/2016,0.41
12/7/2016,0.41
12/8/2016,0.41
12/9/2016,0.41
12/10/2016,0.41
12/11/2016,0.41
12/12/2016,0.41
12/13/2016,0.41
12/14/2016,0.41
12/15/2016,0.66
12/16/2016,0.66
12/17/2016,0.66
12/18/2016,0.66
12/19/2016,0.66
12/20/2016,0.66
12/21/2016,0.66
12/22/2016,0.66
12/23/2016,0.66
12/24/2016,0.66
12/25/2016,0.66
12/26/2016,0.66
12/27/2016,0.66
12/28/2016,0.66
12/29/2016,0.66
12/30/2016,0.55
12/31/2016,0.55
1/1/2017,0.55
1/2/2017,0.55
1/3/2017,0.66
1/4/2017,0.66
1/5/2017,0.66
1/6/2017,0.66
1/7/2017,0.66
1/8/2017,0.66
1/9/2017,0.66
1/10/2017,0.66
1/11/2017,0.66
1/12/2017,0.66
1/13/2017,0.66
1/14/2017,0.66
1/15/2017,0.66
1/16/2017,0.66
1/17/2017,0.66
1/18/2017,0.66
1/19/2017,0.66
1/20/2017,0.66
1/21/2017,0.66
1/22/2017,0.66
1/23/2017,0.66
1/24/2017,0.66
1/25/2017,0.66
1/26/2017,0.66
1/27/2017,0.66
1/28/2017,0.66
1/29/2017,0.66
1/30/2017,0.66
1/31/2017,0.56
2/1/2017,0.66
2/2/2017,0.66
2/3/2017,0.66
2/4/2017,0.66
2/5/2017,0.66
2/6/2017,0.66
2/7/2017,0.66
2/8/2017,0.66
2/9/2017,0.66
2/10/2017,0.66
2/11/2017,0.66
2/12/2017,0.66
2/13/2017,0.66
2/14/2017,0.66
2/15/2017,0.66
2/16/2017,0.66
2/17/2017,0.66
2/18/2017,0.66
2/19/2017,0.66
2/20/2017,0.66
2/21/2017,0.66
2/22/2017,0.66
2/23/2017,0.66
2/24/2017,0.66
2/25/2017,0.66
2/26/2017,0.66
2/27/2017,0.66
2/28/2017,0.57
3/1/2017,0.66
3/2/2017,0.66
3/3/2017,0.66
3/4/2017,0.66
3/5/2017,0.66
3/6/2017,0.66
3/7/2017,0.66
3/8/2017,0.66
3/9/2017,0.66
3/10/2017,0.66
3/11/2017,0.66
3/12/2017,0.66
3/13/2017,0.66
3/14/2017,0.66
3/15/2017,0.66
3/16/2017,0.91
3/17/2017,0.91
3/18/2017,0.91
3/19/2017,0.91
3/20/2017,0.91
3/21/2017,0.91
3/22/2017,0.91
3/23/2017,0.91
3/24/2017,0.91
3/25/2017,0.91
3/26/2017,0.91
3/27/2017,0.91
3/28/2017,0.91
3/29/2017,0.91
3/30/2017,0.91
3/31/2017,0.82
4/1/2017,0.82
4/2/2017,0.82
4/3/2017,0.91
4/4/2017,0.91
4/5/2017,0.91
4/6/2017,0.91
4/7/2017,0.91
4/8/2017,0.91
4/9/2017,0.91
4/10/2017,0.91
4/11/2017,0.91
4/12/2017,0.91
4/13/2017,0.91
4/14/2017,0.91
4/15/2017,0.91
4/16/2017,0.91
4/17/2017,0.91
4/18/2017,0.91
4/19/2017,0.91
4/20/2017,0.91
4/21/2017,0.91
4/22/2017,0.91
4/23/2017,0.91
4/24/2017,0.91
4/25/2017,0.91
4/26/2017,0.91
4/27/2017,0.91
4/28/2017,0.83
4/29/2017,0.83
4/30/2017,0.83
5/1/2017,0.91
5/2/2017,0.91
5/3/2017,0.91
5/4/2017,0.91
5/5/2017,0.91
5/6/2017,0.91
5/7/2017,0.91
5/8/2017,0.91
5/9/2017,0.91
5/10/2017,0.91
5/11/2017,0.91
5/12/2017,0.91
5/13/2017,0.91
5/14/2017,0.91
5/15/2017,0.91
5/16/2017,0.91
5/17/2017,0.91
5/18/2017,0.91
5/19/2017,0.91
5/20/2017,0.91
5/21/2017,0.91
5/22/2017,0.91
5/23/2017,0.91
5/24/2017,0.91
5/25/2017,0.91
5/26/2017,0.91
5/27/2017,0.91
5/28/2017,0.91
5/29/2017,0.91
5/30/2017,0.91
5/31/2017,0.83
6/1/2017,0.91
6/2/2017,0.91
6/3/2017,0.91
6/4/2017,0.91
6/5/2017,0.91
6/6/2017,0.91
6/7/2017,0.91
6/8/2017,0.91
6/9/2017,0.91
6/10/2017,0.91
6/11/2017,0.91
6/12/2017,0.91
6/13/2017,0.91
6/14/2017,0.91
6/15/2017,1.16
6/16/2017,1.16
6/17/2017,1.16
6/18/2017,1.16
6/19/2017,1.16
6/20/2017,1.16
6/21/2017,1.16
6/22/2017,1.16
6/23/2017,1.16
6/24/2017,1.16
6/25/2017,1.16
6/26/2017,1.16
6/27/2017,1.16
6/28/2017,1.16
6/29/2017,1.16
6/30/2017,1.06
7/1/2017,1.06
7/2/2017,1.06
7/3/2017,1.16
7/4/2017,1.16
7/5/2017,1.16
7/6/2017,1.16
7/7/2017,1.16
7/8/2017,1.16
7/9/2017,1.16
7/10/2017,1.16
7/11/2017,1.16
7/12/2017,1.16
7/13/2017,1.16
7/14/2017,1.16
7/15/2017,1.16
7/16/2017,1.16
7/17/2017,1.16
7/18/2017,1.16
7/19/2017,1.16
7/20/2017,1.16
7/21/2017,1.16
7/22/2017,1.16
7/23/2017,1.16
7/24/2017,1.16
7/25/2017,1.16
7/26/2017,1.16
7/27/2017,1.16
7/28/2017,1.16
7/29/2017,1.16
7/30/2017,1.16
7/31/2017,1.07
8/1/2017,1.16
8/2/2017,1.16
8/3/2017,1.16
8/4/2017,1.16
8/5/2017,1.16
8/6/2017,1.16
8/7/2017,1.16
8/8/2017,1.16
8/9/2017,1.16
8/10/2017,1.16
8/11/2017,1.16
8/12/2017,1.16
8/13/2017,1.16
8/14/2017,1.16
8/15/2017,1.16
8/16/2017,1.16
8/17/2017,1.16
8/18/2017,1.16
8/19/2017,1.16
8/20/2017,1.16
8/21/2017,1.16
8/22/2017,1.16
8/23/2017,1.16
8/24/2017,1.16
8/25/2017,1.16
8/26/2017,1.16
8/27/2017,1.16
8/28/2017,1.16
8/29/2017,1.16
8/30/2017,1.16
8/31/2017,1.07
9/1/2017,1.16
9/2/2017,1.16
9/3/2017,1.16
9/4/2017,1.16
9/5/2017,1.16
9/6/2017,1.16
9/7/2017,1.16
9/8/2017,1.16
9/9/2017,1.16
9/10/2017,1.16
9/11/2017,1.16
9/12/2017,1.16
9/13/2017,1.16
9/14/2017,1.16
9/15/2017,1.16
9/16/2017,1.16
9/17/2017,1.16
9/18/2017,1.16
9/19/2017,1.16
9/20/2017,1.16
9/21/2017,1.16
9/22/2017,1.16
9/23/2017,1.16
9/24/2017,1.16
9/25/2017,1.16
9/26/2017,1.16
9/27/2017,1.16
9/28/2017,1.16
9/29/2017,1.06
9/30/2017,1.06
10/1/2017,1.06
10/2/2017,1.16
10/3/2017,1.16
10/4/2017,1.16
10/5/2017,1.16
10/6/2017,1.16
10/7/2017,1.16
10/8/2017,1.16
10/9/2017,1.16
10/10/2017,1.16
10/11/2017,1.16
10/12/2017,1.16
10/13/2017,1.16
10/14/2017,1.16
10/15/2017,1.16
10/16/2017,1.16
10/17/2017,1.16
10/18/2017,1.16
10/19/2017,1.16
10/20/2017,1.16
10/21/2017,1.16
10/22/2017,1.16
10/23/2017,1.16
10/24/2017,1.16
10/25/2017,1.16
10/26/2017,1.16
10/27/2017,1.16
10/28/2017,1.16
10/29/2017,1.16
10/30/2017,1.16
10/31/2017,1.07
11/1/2017,1.16
11/2/2017,1.16
11/3/2017,1.16
11/4/2017,1.16
11/5/2017,1.16
11/6/2017,1.16
11/7/2017,1.16
11/8/2017,1.16
11/9/2017,1.16
11/10/2017,1.16
11/11/2017,1.16
11/12/2017,1.16
11/13/2017,1.16
11/14/2017,1.16
11/15/2017,1.16
11/16/2017,1.16
11/17/2017,1.16
11/18/2017,1.16
11/19/2017,1.16
11/20/2017,1.16
11/21/2017,1.16
11/22/2017,1.16
11/24/2017,1.16
11/25/2017,1.16
11/26/2017,1.16
11/27/2017,1.16
11/28/2017,1.16
11/29/2017,1.16
11/30/2017,1.07
12/1/2017,1.16
12/2/2017,1.16
12/3/2017,1.16
12/4/2017,1.16
12/5/2017,1.16
12/6/2017,1.16
12/7/2017,1.16
12/8/2017,1.16
12/9/2017,1.16
12/10/2017,1.16
12/11/2017,1.16
12/12/2017,1.17
12/13/2017,1.17
12/14/2017,1.41
12/15/2017,1.41
12/16/2017,1.41
12/17/2017,1.41
12/18/2017,1.42
12/19/2017,1.42
12/20/2017,1.42
12/21/2017,1.42
12/22/2017,1.42
12/23/2017,1.42
12/24/2017,1.42
12/26/2017,1.42
12/27/2017,1.42
12/28/2017,1.42
12/29/2017,1.33
12/30/2017,1.33
12/31/2017,1.33
1/2/2018,1.42
1/3/2018,1.42
1/4/2018,1.42
1/5/2018,1.42
1/6/2018,1.42
1/7/2018,1.42
1/8/2018,1.42
1/9/2018,1.42
1/10/2018,1.42
1/11/2018,1.42
1/12/2018,1.42
1/13/2018,1.42
1/14/2018,1.42
1/16/2018,1.42
1/17/2018,1.42
1/18/2018,1.42
1/19/2018,1.42
1/20/2018,1.42
1/21/2018,1.42
1/22/2018,1.42
1/23/2018,1.42
1/24/2018,1.42
1/25/2018,1.42
1/26/2018,1.42
1/27/2018,1.42
1/28/2018,1.42
1/29/2018,1.42
1/30/2018,1.42
1/31/2018,1.34
2/1/2018,1.42
2/2/2018,1.42
2/3/2018,1.42
2/4/2018,1.42
2/5/2018,1.42
2/6/2018,1.42
2/7/2018,1.42
2/8/2018,1.42
2/9/2018,1.42
2/10/2018,1.42
2/11/2018,1.42
2/12/2018,1.42
2/13/2018,1.42
2/14/2018,1.42
2/15/2018,1.42
2/16/2018,1.42
2/17/2018,1.42
2/18/2018,1.42
2/20/2018,1.42
2/21/2018,1.42
2/22/2018,1.42
2/23/2018,1.42
2/24/2018,1.42
2/25/2018,1.42
2/26/2018,1.42
2/27/2018,1.42
2/28/2018,1.35
3/1/2018,1.42
3/2/2018,1.42
3/3/2018,1.42
3/4/2018,1.42
3/5/2018,1.42
3/6/2018,1.42
3/7/2018,1.42
3/8/2018,1.42
3/9/2018,1.42
3/10/2018,1.42
3/11/2018,1.42
3/12/2018,1.42
3/13/2018,1.42
3/14/2018,1.42
3/15/2018,1.43
3/16/2018,1.43
3/17/2018,1.43
3/18/2018,1.43
3/19/2018,1.43
3/20/2018,1.44
3/21/2018,1.44
3/22/2018,1.68
3/23/2018,1.68
3/24/2018,1.68
3/25/2018,1.68
3/26/2018,1.68
3/27/2018,1.68
3/28/2018,1.68
3/29/2018,1.68
3/30/2018,1.67
3/31/2018,1.67
4/1/2018,1.67
4/2/2018,1.68
4/3/2018,1.69
4/4/2018,1.69
4/5/2018,1.69
4/6/2018,1.69
4/7/2018,1.69
4/8/2018,1.69
4/9/2018,1.69
4/10/2018,1.69
4/11/2018,1.69
4/12/2018,1.69
4/13/2018,1.69
4/14/2018,1.69
4/15/2018,1.69
4/16/2018,1.69
4/17/2018,1.69
4/18/2018,1.69
4/19/2018,1.69
4/20/2018,1.7
4/21/2018,1.7
4/22/2018,1.7
4/23/2018,1.7
4/24/2018,1.7
4/25/2018,1.7
4/26/2018,1.7
4/27/2018,1.7
4/28/2018,1.7
4/29/2018,1.7
4/30/2018,1.69
5/1/2018,1.7
5/2/2018,1.7
5/3/2018,1.7
5/4/2018,1.7
5/5/2018,1.7
5/6/2018,1.7
5/7/2018,1.7
5/8/2018,1.7
5/9/2018,1.7
5/10/2018,1.7
5/11/2018,1.7
5/12/2018,1.7
5/13/2018,1.7
5/14/2018,1.7
5/15/2018,1.7
5/16/2018,1.7
5/17/2018,1.7
5/18/2018,1.7
5/19/2018,1.7
5/20/2018,1.7
5/21/2018,1.7
5/22/2018,1.7
5/23/2018,1.7
5/24/2018,1.7
5/25/2018,1.7
5/26/2018,1.7
5/27/2018,1.7
5/29/2018,1.7
5/30/2018,1.7
5/31/2018,1.7
6/1/2018,1.7
6/2/2018,1.7
6/3/2018,1.7
6/4/2018,1.7
6/5/2018,1.7
6/6/2018,1.7
6/7/2018,1.7
6/8/2018,1.7
6/9/2018,1.7
6/10/2018,1.7
6/11/2018,1.7
6/12/2018,1.7
6/13/2018,1.7
6/14/2018,1.9
6/15/2018,1.9
6/18/2018,1.9
6/19/2018,1.91
6/20/2018,1.92
6/21/2018,1.92
6/22/2018,1.92
6/25/2018,1.92
6/26/2018,1.92
6/27/2018,1.91
6/28/2018,1.91
6/29/2018,1.91
7/2/2018,1.91
7/3/2018,1.91
7/5/2018,1.91
7/6/2018,1.91
7/9/2018,1.91
7/10/2018,1.91
7/11/2018,1.91
7/12/2018,1.91
7/13/2018,1.91
7/16/2018,1.91
7/17/2018,1.91
7/18/2018,1.91
7/19/2018,1.91
7/20/2018,1.91
7/23/2018,1.91
7/24/2018,1.91
7/25/2018,1.91
7/26/2018,1.91
7/27/2018,1.91
7/30/2018,1.91
7/31/2018,1.91
8/1/2018,1.91
8/2/2018,1.91
8/3/2018,1.91
8/6/2018,1.91
8/7/2018,1.91
8/8/2018,1.91
8/9/2018,1.91
8/10/2018,1.91
8/13/2018,1.91
8/14/2018,1.91
8/15/2018,1.91
8/16/2018,1.92
8/17/2018,1.92
8/20/2018,1.92
8/21/2018,1.92
8/22/2018,1.92
8/23/2018,1.92
8/24/2018,1.92
8/27/2018,1.92
8/28/2018,1.92
8/29/2018,1.92
8/30/2018,1.92
8/31/2018,1.91
9/4/2018,1.92
9/5/2018,1.92
9/6/2018,1.92
9/7/2018,1.92
9/10/2018,1.92
9/11/2018,1.92
9/12/2018,1.92
9/13/2018,1.92
9/14/2018,1.92
9/17/2018,1.92
9/18/2018,1.92
9/19/2018,1.92
9/20/2018,1.92
9/21/2018,1.92
9/24/2018,1.93
9/25/2018,1.93
9/26/2018,1.93
9/27/2018,2.18
9/28/2018,2.18
10/1/2018,2.18
10/2/2018,2.18
10/3/2018,2.18
10/4/2018,2.18
10/5/2018,2.18
10/9/2018,2.18
10/10/2018,2.18
10/11/2018,2.18
10/12/2018,2.18
10/15/2018,2.18
10/16/2018,2.18
10/17/2018,2.19
10/18/2018,2.19
10/19/2018,2.19
10/22/2018,2.19
10/23/2018,2.2
10/24/2018,2.2
10/25/2018,2.2
10/26/2018,2.2
10/29/2018,2.2
10/30/2018,2.2
10/31/2018,2.2
11/1/2018,2.2
11/2/2018,2.19
11/5/2018,2.2
11/6/2018,2.2
11/7/2018,2.2
11/8/2018,2.2
11/9/2018,2.19
11/13/2018,2.2
11/14/2018,2.2
11/15/2018,2.2
11/16/2018,2.2
11/19/2018,2.2
11/20/2018,2.2
11/21/2018,2.2
11/23/2018,2.2
11/26/2018,2.2
11/27/2018,2.2
11/28/2018,2.2
11/29/2018,2.2
11/30/2018,2.2
12/3/2018,2.19
12/4/2018,2.2
12/5/2018,2.2
12/6/2018,2.2
12/7/2018,2.19
12/10/2018,2.2
12/11/2018,2.19
12/12/2018,2.19
12/13/2018,2.19
12/14/2018,2.19
12/17/2018,2.2
12/18/2018,2.2
12/19/2018,2.2
12/20/2018,2.4
12/21/2018,2.4
12/24/2018,2.4
12/26/2018,2.4
12/27/2018,2.4
12/28/2018,2.4
12/31/2018,2.4
1/2/2019,2.4
1/3/2019,2.4
1/4/2019,2.4
1/7/2019,2.4
1/8/2019,2.4
1/9/2019,2.4
1/10/2019,2.4
1/11/2019,2.4
1/14/2019,2.4
1/15/2019,2.4
1/16/2019,2.4
1/17/2019,2.4
1/18/2019,2.4
1/22/2019,2.4
1/23/2019,2.4
1/24/2019,2.4
1/25/2019,2.4
1/28/2019,2.4
1/29/2019,2.4
1/30/2019,2.4
1/31/2019,2.4
2/1/2019,2.4
2/4/2019,2.4
2/5/2019,2.4
2/6/2019,2.4
2/7/2019,2.4
2/8/2019,2.4
2/11/2019,2.4
2/12/2019,2.4
2/13/2019,2.4
2/14/2019,2.4
2/15/2019,2.4
2/19/2019,2.4
2/20/2019,2.4
2/21/2019,2.4
2/22/2019,2.4
2/25/2019,2.4
2/26/2019,2.4
2/27/2019,2.4
2/28/2019,2.4
3/1/2019,2.4
3/4/2019,2.4
3/5/2019,2.4
3/6/2019,2.4
3/7/2019,2.4
3/8/2019,2.4
3/11/2019,2.4
3/12/2019,2.4
3/13/2019,2.4
3/14/2019,2.4
3/15/2019,2.4
3/18/2019,2.4
3/19/2019,2.4
3/20/2019,2.41
3/21/2019,2.41
3/22/2019,2.41
3/25/2019,2.4
3/26/2019,2.4
3/27/2019,2.41
3/28/2019,2.41
3/29/2019,2.43
4/1/2019,2.41
4/2/2019,2.41
4/3/2019,2.41
4/4/2019,2.41
4/5/2019,2.41
4/8/2019,2.41
4/9/2019,2.41
4/10/2019,2.41
4/11/2019,2.41
4/12/2019,2.41
4/15/2019,2.41
4/16/2019,2.41
4/17/2019,2.42
4/18/2019,2.43
4/19/2019,2.44
4/22/2019,2.44
4/23/2019,2.44
4/24/2019,2.44
4/25/2019,2.44
4/26/2019,2.44
4/29/2019,2.45
4/30/2019,2.45
5/1/2019,2.45
5/2/2019,2.41
5/3/2019,2.4
5/6/2019,2.4
5/7/2019,2.4
5/8/2019,2.39
5/9/2019,2.38
5/10/2019,2.38
5/13/2019,2.38
5/14/2019,2.38
5/15/2019,2.4
5/16/2019,2.39
5/17/2019,2.39
5/20/2019,2.39
5/21/2019,2.39
5/22/2019,2.38
5/23/2019,2.38
5/24/2019,2.38
5/28/2019,2.39
5/29/2019,2.39
5/30/2019,2.39
5/31/2019,2.4
6/3/2019,2.38
6/4/2019,2.38
6/5/2019,2.38
6/6/2019,2.37
6/7/2019,2.37
6/10/2019,2.37
6/11/2019,2.37
6/12/2019,2.37
6/13/2019,2.37
6/14/2019,2.36
6/17/2019,2.38
6/18/2019,2.37
6/19/2019,2.37
6/20/2019,2.37
6/21/2019,2.38
6/24/2019,2.38
6/25/2019,2.38
6/26/2019,2.38
6/27/2019,2.38
6/28/2019,2.4
7/1/2019,2.39
7/2/2019,2.4
7/3/2019,2.41
7/5/2019,2.42
7/8/2019,2.41
7/9/2019,2.41
7/10/2019,2.41
7/11/2019,2.4
7/12/2019,2.38
7/15/2019,2.4
7/16/2019,2.41
7/17/2019,2.41
7/18/2019,2.41
7/19/2019,2.41
7/22/2019,2.4
7/23/2019,2.4
7/24/2019,2.4
7/25/2019,2.4
7/26/2019,2.4
7/29/2019,2.4
7/30/2019,2.39
7/31/2019,2.4
8/1/2019,2.14
8/2/2019,2.14
8/5/2019,2.13
8/6/2019,2.13
8/7/2019,2.12
8/8/2019,2.12
8/9/2019,2.12
8/12/2019,2.12
8/13/2019,2.12
8/14/2019,2.12
8/15/2019,2.13
8/16/2019,2.13
8/19/2019,2.13
8/20/2019,2.13
8/21/2019,2.12
8/22/2019,2.12
8/23/2019,2.12
8/26/2019,2.12
8/27/2019,2.12
8/28/2019,2.12
8/29/2019,2.12
8/30/2019,2.13
9/3/2019,2.13
9/4/2019,2.13
9/5/2019,2.13
9/6/2019,2.12
9/9/2019,2.13
9/10/2019,2.13
9/11/2019,2.13
9/12/2019,2.13
9/13/2019,2.14
9/16/2019,2.25
9/17/2019,2.3
9/18/2019,2.25
9/19/2019,1.9
9/20/2019,1.9
9/23/2019,1.9
9/24/2019,1.9
9/25/2019,1.9
9/26/2019,1.85
9/27/2019,1.83
9/30/2019,1.9
10/1/2019,1.88
10/2/2019,1.85
10/3/2019,1.83
10/4/2019,1.82
10/7/2019,1.82
10/8/2019,1.82
10/9/2019,1.82
10/10/2019,1.82
10/11/2019,1.82
10/15/2019,1.9
10/16/2019,1.9
10/17/2019,1.85
10/18/2019,1.85
10/21/2019,1.85
10/22/2019,1.85
10/23/2019,1.85
10/24/2019,1.85
10/25/2019,1.83
10/28/2019,1.83
10/29/2019,1.82
10/30/2019,1.82
10/31/2019,1.58
11/1/2019,1.57
11/4/2019,1.56
11/5/2019,1.56
11/6/2019,1.55
11/7/2019,1.55
11/8/2019,1.55
11/12/2019,1.55
11/13/2019,1.55
11/14/2019,1.55
11/15/2019,1.55
11/18/2019,1.55
11/19/2019,1.55
11/20/2019,1.55
11/21/2019,1.55
11/22/2019,1.55
11/25/2019,1.55
11/26/2019,1.55
11/27/2019,1.55
11/29/2019,1.56
12/2/2019,1.56
12/3/2019,1.55
12/4/2019,1.55
12/5/2019,1.55
12/6/2019,1.55
12/9/2019,1.55
12/10/2019,1.55
12/11/2019,1.55
12/12/2019,1.55
12/13/2019,1.55
12/16/2019,1.56
12/17/2019,1.55
12/18/2019,1.55
12/19/2019,1.55
12/20/2019,1.55
12/23/2019,1.55
12/24/2019,1.55
12/26/2019,1.55
12/27/2019,1.55
12/30/2019,1.55
12/31/2019,1.55
1/2/2020,1.55
1/3/2020,1.55
1/6/2020,1.55
1/7/2020,1.55
1/8/2020,1.55
1/9/2020,1.55
1/10/2020,1.54
1/13/2020,1.54
1/14/2020,1.54
1/15/2020,1.54
1/16/2020,1.54
1/17/2020,1.55
1/21/2020,1.55
1/22/2020,1.55
1/23/2020,1.55
1/24/2020,1.55
1/27/2020,1.55
1/28/2020,1.55
1/29/2020,1.55
1/30/2020,1.6
1/31/2020,1.59
2/3/2020,1.59
